<?xml version="1.0" encoding="utf-8"?>
<COLLADA xmlns="http://www.collada.org/2005/11/COLLADASchema" version="1.4.1">
  <asset><contributor><author></author><authoring_tool>FBX COLLADA exporter</authoring_tool><comments></comments></contributor><created>2022-05-11T21:28:56Z</created><keywords></keywords><modified>2022-05-11T21:28:56Z</modified><revision></revision><subject></subject><title></title><unit meter="0.025400" name="centimeter"></unit><up_axis>Y_UP</up_axis></asset>
  <library_images>
    <image id="Map #25-image" name="Map #25"><init_from>file://Z:\MosaicDev\Development\Models\building\house\house_europe\Tex_Dif_Europe_Building copy.png</init_from></image>
    <image id="Map #26-image" name="Map #26"><init_from>file://D:\MosaicDev\Models\building\house\house_europe\Tex_Alpha.png</init_from></image>
    <image id="Map #25_ncl1_1-image" name="Map #25_ncl1_1"><init_from>file://Z:\MosaicDev\Development\Models\building\house\house_europe\Tex_Dif_Europe_Building copy.png</init_from></image>
    <image id="Map #26_ncl1_1-image" name="Map #26_ncl1_1"><init_from>file://Z:\MosaicDev\Development\Models\building\house\empty_house\</init_from></image>
  </library_images>
  <library_materials>
    <material id="_01 - Default" name="_01 - Default">
      <instance_effect url="#_01 - Default-fx"/>
    </material>
    <material id="Material #0" name="Material #0">
      <instance_effect url="#Material #0-fx"/>
    </material>
  </library_materials>
  <library_effects>
    <effect id="_01 - Default-fx" name="_01 - Default">
      <profile_COMMON>
        <technique sid="standard">
          <phong>
            <emission>
              <color sid="emission">0.000000  0.000000 0.000000 1.000000</color>
            </emission>
            <ambient>
              <color sid="ambient">0.588235  0.588235 0.588235 1.000000</color>
            </ambient>
            <diffuse>
              <texture texture="Map #25-image" texcoord="CHANNEL0">
                <extra>
                  <technique profile="MAYA">
                    <wrapU sid="wrapU0">TRUE</wrapU>
                    <wrapV sid="wrapV0">TRUE</wrapV>
                    <blend_mode>ADD</blend_mode>
                  </technique>
                </extra>
              </texture>
            </diffuse>
            <specular>
              <color sid="specular">0.000000  0.000000 0.000000 1.000000</color>
            </specular>
            <shininess>
              <float sid="shininess">2.000000</float>
            </shininess>
            <reflective>
              <color sid="reflective">0.000000  0.000000 0.000000 1.000000</color>
            </reflective>
            <reflectivity>
              <float sid="reflectivity">1.000000</float>
            </reflectivity>
            <transparent opaque="RGB_ZERO">
              <texture texture="Map #26-image" texcoord="CHANNEL0">
                <extra>
                  <technique profile="MAYA">
                    <wrapU sid="wrapU0">TRUE</wrapU>
                    <wrapV sid="wrapV0">TRUE</wrapV>
                    <blend_mode>ADD</blend_mode>
                  </technique>
                </extra>
              </texture>
            </transparent>
            <transparency>
              <float sid="transparency">0.000000</float>
            </transparency>
          </phong>
        </technique>
      </profile_COMMON>
    </effect>
    <effect id="Material #0-fx" name="Material #0">
      <profile_COMMON>
        <technique sid="standard">
          <phong>
            <emission>
              <color sid="emission">0.000000  0.000000 0.000000 1.000000</color>
            </emission>
            <ambient>
              <color sid="ambient">0.588235  0.588235 0.588235 1.000000</color>
            </ambient>
            <diffuse>
              <texture texture="Map #25_ncl1_1-image" texcoord="CHANNEL0">
                <extra>
                  <technique profile="MAYA">
                    <wrapU sid="wrapU0">TRUE</wrapU>
                    <wrapV sid="wrapV0">TRUE</wrapV>
                    <blend_mode>ADD</blend_mode>
                  </technique>
                </extra>
              </texture>
            </diffuse>
            <specular>
              <color sid="specular">0.000000  0.000000 0.000000 1.000000</color>
            </specular>
            <shininess>
              <float sid="shininess">2.000000</float>
            </shininess>
            <reflective>
              <color sid="reflective">0.000000  0.000000 0.000000 1.000000</color>
            </reflective>
            <reflectivity>
              <float sid="reflectivity">1.000000</float>
            </reflectivity>
            <transparent opaque="RGB_ZERO">
              <texture texture="Map #26_ncl1_1-image" texcoord="CHANNEL0">
                <extra>
                  <technique profile="MAYA">
                    <wrapU sid="wrapU0">TRUE</wrapU>
                    <wrapV sid="wrapV0">TRUE</wrapV>
                    <blend_mode>ADD</blend_mode>
                  </technique>
                </extra>
              </texture>
            </transparent>
            <transparency>
              <float sid="transparency">0.000000</float>
            </transparency>
          </phong>
        </technique>
      </profile_COMMON>
    </effect>
  </library_effects>
  <library_geometries>
    <geometry id="Boat1-lib" name="Boat1Mesh">
      <mesh>
        <source id="Boat1-POSITION">
          <float_array id="Boat1-POSITION-array" count="531">
213.827957 23.072132 72.426414
-96.830154 23.072159 72.426414
-327.263916 -48.582153 72.426407
213.827957 -120.236542 72.426407
-96.830170 -120.236519 72.426407
213.827957 -47.930683 2.926544
-96.830154 -47.717625 -9.458153
213.827927 18.145380 29.448345
213.827988 1.495313 11.963303
213.827927 -98.013458 14.802574
213.827988 -117.171890 29.448547
213.827927 -71.607574 73.461800
213.827988 -24.267723 72.944107
-182.685974 10.423068 72.426414
-261.758362 -10.652781 72.426414
-250.452652 -48.293968 29.447948
-173.641388 -48.005806 -2.039810
-96.830139 -10.592830 -1.474121
-96.830154 14.263949 29.447952
-96.830154 -110.658340 29.447937
-96.830154 -84.206657 -1.528267
-261.758362 -85.794327 72.617363
-182.685989 -106.152985 72.808311
110.275208 23.072136 72.426414
6.722542 23.072149 72.426414
6.722542 -47.688869 -12.104591
110.275269 -47.959435 -9.862358
6.722542 -120.236511 72.426407
110.275253 -120.236534 72.426407
213.827896 -48.774960 29.448334
-180.424835 -6.543590 29.447727
-180.424835 -88.858582 29.447723
110.275208 17.117304 29.448139
6.722534 15.292005 29.447987
110.275223 -1.700870 1.384674
6.722549 -7.396662 -2.329086
110.275192 -94.496124 3.473801
6.722527 -87.723976 -1.633080
110.275208 -115.504959 29.448280
6.722549 -112.325294 29.448029
209.161362 19.102932 70.069473
209.161362 -25.607979 70.070213
209.161362 -70.318878 70.070953
209.161362 -116.247307 70.069458
111.359299 -116.247299 70.069458
13.557220 -116.247292 70.069458
-84.244820 -116.247284 70.069458
-165.332794 -102.945854 70.070007
-240.013962 -83.717789 70.069740
-301.881775 -48.572140 70.069466
-240.013992 -12.749123 70.069473
-165.332764 7.156315 70.069473
-84.244812 19.102959 70.069473
13.557228 19.102949 70.069473
111.359253 19.102942 70.069473
199.305405 12.873165 70.066635
199.305405 -29.064156 70.067375
199.305405 -71.001480 70.068115
199.305405 -114.080803 70.066620
122.108124 -114.080795 70.066620
44.910812 -114.080788 70.066620
-32.286472 -114.080780 70.066620
-96.290970 -101.604500 70.067169
-155.238419 -83.569214 70.066902
-204.072006 -50.603775 70.066628
-155.238449 -17.002979 70.066628
-96.290939 1.667644 70.066635
-32.286461 12.873186 70.066635
44.910820 12.873178 70.066635
122.108078 12.873172 70.066635
189.829666 7.563571 90.315170
189.829666 -30.836117 90.699173
189.829666 -69.235794 91.083176
189.829666 -108.681137 90.315155
122.068436 -108.681129 90.315155
44.871124 -108.681122 90.315155
-32.326157 -108.681114 90.315155
-90.565552 -97.257278 90.598450
-136.743500 -80.743378 90.456802
-174.998505 -50.558754 90.315163
-136.743530 -19.792368 90.315170
-96.330620 -2.696701 90.315170
-32.326149 7.563591 90.315170
44.871132 7.563584 90.315170
122.068390 7.563577 90.315170
178.622116 5.453419 99.114014
178.622116 -31.542408 99.498016
178.622116 -68.538246 99.882019
178.622101 -106.541496 99.114006
115.496399 -106.541489 99.114006
43.580109 -106.541481 99.114006
-28.336159 -106.541473 99.114006
-82.591431 -95.535263 99.397293
-125.610382 -79.625107 99.255646
-161.248367 -50.544010 99.114014
-125.610397 -20.902414 99.114014
-87.962128 -4.431752 99.114014
-28.336151 5.453437 99.114014
43.580116 5.453431 99.114014
115.496384 5.453424 99.114014
108.829330 -98.211075 129.191864
48.125916 -98.211067 129.192688
-12.577492 -98.211067 129.194366
-58.373528 -88.831284 129.195053
-94.685158 -75.272224 129.197144
-124.766647 -50.488506 129.206482
-94.685173 -25.227142 129.196793
-62.906853 -11.190400 129.194366
-12.577484 -2.765976 129.194366
48.125923 -2.765981 129.192688
108.829346 -2.765987 129.191879
71.746536 -85.428192 170.259308
40.597427 -85.428185 170.259308
9.448311 -85.428185 170.259308
-14.051292 -78.736511 170.532043
-32.684101 -69.063248 170.395691
-48.119995 -51.382164 170.259308
-32.684105 -33.360283 170.259323
-16.377495 -23.346237 170.259323
9.448318 -17.336123 170.259323
40.597435 -17.336124 170.259323
71.746536 -17.336128 170.259323
87.156281 -80.583755 183.318817
56.007141 -80.583748 183.318817
24.858025 -80.583748 183.318817
1.358429 -74.840019 183.591553
-17.274380 -66.537094 183.455185
-32.710270 -51.360741 183.318817
-17.274376 -35.891888 183.318817
-0.967766 -27.296448 183.318817
24.858032 -22.137739 183.318817
56.007149 -22.137743 183.318817
87.156281 -22.137745 183.318817
111.611160 0.663557 115.992149
46.258873 0.609885 116.181290
-18.056244 0.091641 117.710876
-74.164085 -8.153776 115.962158
-107.862694 -23.384338 116.133881
-138.740936 -50.509762 116.452789
-106.812462 -76.979202 116.421608
-68.114525 -91.527786 116.383217
-18.866428 -101.535545 116.815041
46.271606 -101.609154 116.262497
111.608032 -101.683022 116.005768
82.386307 -71.631874 193.805573
57.873734 -71.631866 193.805573
33.361191 -71.631866 193.805573
14.868370 -67.639809 194.078308
0.205421 -61.869045 193.941956
-11.941746 -51.321056 193.805573
0.205421 -40.569790 193.805573
13.037773 -34.595711 193.805573
33.361198 -31.010269 193.805573
57.873741 -31.010271 193.805573
82.386307 -31.010273 193.805573
84.564056 -97.387688 138.690063
40.734421 -97.387680 138.690842
-3.095207 -97.387680 138.692474
-36.161274 -88.357361 138.693146
-62.379337 -75.303490 138.695145
-84.099037 -51.443180 138.704132
-62.379333 -27.122997 138.694824
-39.434464 -13.609238 138.692474
-3.095200 -5.498692 138.692474
40.734428 -5.498696 138.690857
84.564072 -5.498700 138.690079
107.946899 -97.387016 138.687897
49.505173 -97.387009 138.688690
-8.936550 -97.387009 138.690308
-53.026314 -88.356689 138.690979
-87.985039 -75.302811 138.692993
-116.945755 -51.442490 138.701965
-87.985054 -27.122314 138.692657
-57.390736 -13.608560 138.690308
-8.936543 -5.498014 138.690308
49.505180 -5.498020 138.688690
107.946915 -5.498025 138.687912
</float_array>
          <technique_common>
            <accessor source="#Boat1-POSITION-array" count="177" stride="3">
              <param name="X" type="float"/>
              <param name="Y" type="float"/>
              <param name="Z" type="float"/>
            </accessor>
          </technique_common>
        </source>
        <source id="Boat1-Normal0">
          <float_array id="Boat1-Normal0-array" count="3150">
0.507664 0.573023 0.643368
0.485810 0.005864 0.874045
0.647040 0.696302 -0.310650
0.705467 -0.023351 -0.708358
0.674096 0.365954 -0.641617
0.681112 -0.336302 -0.650375
0.513279 -0.558585 0.651558
0.622254 -0.687926 -0.373574
0.453081 0.003393 0.891463
0.647040 0.696302 -0.310650
0.485810 0.005864 0.874045
1.000000 -0.000000 0.000001
0.681112 -0.336302 -0.650375
0.674096 0.365954 -0.641617
1.000000 -0.000000 0.000001
0.453081 0.003393 0.891463
0.622254 -0.687926 -0.373574
1.000000 -0.000000 0.000001
0.647040 0.696302 -0.310650
1.000000 -0.000000 0.000001
0.674096 0.365954 -0.641617
0.681112 -0.336302 -0.650375
1.000000 -0.000000 0.000001
0.622254 -0.687926 -0.373574
0.453081 0.003393 0.891463
1.000000 -0.000000 0.000001
0.485810 0.005864 0.874045
-0.025907 0.655154 0.755050
-0.093207 0.898634 -0.428684
-0.170009 0.716407 0.676652
-0.978225 -0.004098 0.207505
-0.398381 0.775915 0.489131
-0.468013 -0.003866 -0.883713
-0.058558 0.000758 -0.998284
-0.304548 -0.003841 -0.952489
-0.095116 0.534660 -0.839697
-0.170009 0.716407 0.676652
-0.093207 0.898634 -0.428684
-0.278714 0.747376 -0.603115
-0.468013 -0.003866 -0.883713
-0.398381 0.775915 0.489131
-0.278714 0.747376 -0.603115
-0.095116 0.534660 -0.839697
-0.304548 -0.003841 -0.952489
-0.278714 0.747376 -0.603115
-0.170009 0.716407 0.676652
-0.278714 0.747376 -0.603115
-0.398381 0.775915 0.489131
-0.468013 -0.003866 -0.883713
-0.278714 0.747376 -0.603115
-0.304548 -0.003841 -0.952489
-0.095116 0.534660 -0.839697
-0.278714 0.747376 -0.603115
-0.093207 0.898634 -0.428684
-0.037275 -0.665789 0.745209
-0.168660 -0.696890 0.697064
-0.105454 -0.888291 -0.447011
-0.058558 0.000758 -0.998284
-0.099858 -0.522509 -0.846766
-0.304548 -0.003841 -0.952489
-0.978225 -0.004098 0.207505
-0.468013 -0.003866 -0.883713
-0.387278 -0.776355 0.497282
-0.105454 -0.888291 -0.447011
-0.168660 -0.696890 0.697064
-0.276640 -0.747085 -0.604428
-0.304548 -0.003841 -0.952489
-0.099858 -0.522509 -0.846766
-0.276640 -0.747085 -0.604428
-0.387278 -0.776355 0.497282
-0.468013 -0.003866 -0.883713
-0.276640 -0.747085 -0.604428
-0.105454 -0.888291 -0.447011
-0.276640 -0.747085 -0.604428
-0.099858 -0.522509 -0.846766
-0.304548 -0.003841 -0.952489
-0.276640 -0.747085 -0.604428
-0.468013 -0.003866 -0.883713
-0.387278 -0.776355 0.497282
-0.276640 -0.747085 -0.604428
-0.168660 -0.696890 0.697064
-0.013149 0.934336 -0.356150
0.024060 0.565784 -0.824203
-0.012200 0.555811 -0.831219
-0.012200 0.555811 -0.831219
-0.013661 0.920796 -0.389806
-0.013149 0.934336 -0.356150
0.507664 0.573023 0.643368
0.647040 0.696302 -0.310650
-0.013149 0.934336 -0.356150
-0.013149 0.934336 -0.356150
-0.007549 0.555432 0.831528
0.507664 0.573023 0.643368
-0.093207 0.898634 -0.428684
-0.025907 0.655154 0.755050
-0.004398 0.571609 0.820515
-0.004398 0.571609 0.820515
-0.013661 0.920796 -0.389806
-0.093207 0.898634 -0.428684
-0.058558 0.000758 -0.998284
-0.095116 0.534660 -0.839697
-0.012200 0.555811 -0.831219
-0.012200 0.555811 -0.831219
0.001100 -0.006324 -0.999979
-0.058558 0.000758 -0.998284
0.674096 0.365954 -0.641617
0.705467 -0.023351 -0.708358
0.068428 -0.022836 -0.997395
0.068428 -0.022836 -0.997395
0.024060 0.565784 -0.824203
0.674096 0.365954 -0.641617
-0.007549 0.555432 0.831528
-0.013149 0.934336 -0.356150
-0.013661 0.920796 -0.389806
-0.013661 0.920796 -0.389806
-0.004398 0.571609 0.820515
-0.007549 0.555432 0.831528
-0.095116 0.534660 -0.839697
-0.093207 0.898634 -0.428684
-0.013661 0.920796 -0.389806
-0.013661 0.920796 -0.389806
-0.012200 0.555811 -0.831219
-0.095116 0.534660 -0.839697
0.001100 -0.006324 -0.999979
-0.012200 0.555811 -0.831219
0.024060 0.565784 -0.824203
0.024060 0.565784 -0.824203
0.068428 -0.022836 -0.997395
0.001100 -0.006324 -0.999979
0.647040 0.696302 -0.310650
0.674096 0.365954 -0.641617
0.024060 0.565784 -0.824203
0.024060 0.565784 -0.824203
-0.013149 0.934336 -0.356150
0.647040 0.696302 -0.310650
0.042297 -0.549100 -0.834686
-0.003148 -0.918087 -0.396366
-0.017544 -0.909170 -0.416055
-0.017544 -0.909170 -0.416055
-0.005611 -0.541758 -0.840516
0.042297 -0.549100 -0.834686
0.705467 -0.023351 -0.708358
0.681112 -0.336302 -0.650375
0.042297 -0.549100 -0.834686
0.042297 -0.549100 -0.834686
0.068428 -0.022836 -0.997395
0.705467 -0.023351 -0.708358
-0.099858 -0.522509 -0.846766
-0.058558 0.000758 -0.998284
0.001100 -0.006324 -0.999979
0.001100 -0.006324 -0.999979
-0.005611 -0.541758 -0.840516
-0.099858 -0.522509 -0.846766
-0.037275 -0.665789 0.745209
-0.105454 -0.888291 -0.447011
-0.017544 -0.909170 -0.416055
-0.017544 -0.909170 -0.416055
-0.013494 -0.568643 0.822474
-0.037275 -0.665789 0.745209
0.622254 -0.687926 -0.373574
0.513279 -0.558585 0.651558
-0.006667 -0.540424 0.841366
-0.006667 -0.540424 0.841366
-0.003148 -0.918087 -0.396366
0.622254 -0.687926 -0.373574
0.068428 -0.022836 -0.997395
0.042297 -0.549100 -0.834686
-0.005611 -0.541758 -0.840516
-0.005611 -0.541758 -0.840516
0.001100 -0.006324 -0.999979
0.068428 -0.022836 -0.997395
-0.105454 -0.888291 -0.447011
-0.099858 -0.522509 -0.846766
-0.005611 -0.541758 -0.840516
-0.005611 -0.541758 -0.840516
-0.017544 -0.909170 -0.416055
-0.105454 -0.888291 -0.447011
-0.013494 -0.568643 0.822474
-0.017544 -0.909170 -0.416055
-0.003148 -0.918087 -0.396366
-0.003148 -0.918087 -0.396366
-0.006667 -0.540424 0.841366
-0.013494 -0.568643 0.822474
0.681112 -0.336302 -0.650375
0.622254 -0.687926 -0.373574
-0.003148 -0.918087 -0.396366
-0.003148 -0.918087 -0.396366
0.042297 -0.549100 -0.834686
0.681112 -0.336302 -0.650375
0.452584 -0.322654 0.831301
0.452304 0.324484 0.830741
0.000000 0.420770 0.907167
0.000000 0.420770 0.907167
-0.027050 0.427459 0.903630
-0.103583 0.396220 0.912294
-0.103583 0.396220 0.912294
-0.184364 0.316435 0.930526
-0.334925 0.015867 0.942111
0.000000 0.420770 0.907167
-0.103583 0.396220 0.912294
-0.334925 0.015867 0.942111
-0.334925 0.015867 0.942111
-0.178951 -0.323549 0.929135
-0.100001 -0.368216 0.924347
-0.100001 -0.368216 0.924347
-0.028387 -0.456045 0.889504
0.000311 -0.418809 0.908074
-0.334925 0.015867 0.942111
-0.100001 -0.368216 0.924347
0.000311 -0.418809 0.908074
0.000000 0.420770 0.907167
-0.334925 0.015867 0.942111
0.000311 -0.418809 0.908074
0.452584 -0.322654 0.831301
0.000000 0.420770 0.907167
0.000311 -0.418809 0.908074
0.507664 0.573023 0.643368
-0.232370 -0.279920 0.931477
-0.522689 0.003632 0.852516
-0.522689 0.003632 0.852516
0.485810 0.005864 0.874045
0.507664 0.573023 0.643368
0.485810 0.005864 0.874045
-0.522689 0.003632 0.852516
-0.584640 0.004706 0.811279
-0.584640 0.004706 0.811279
0.453081 0.003393 0.891463
0.485810 0.005864 0.874045
0.453081 0.003393 0.891463
-0.584640 0.004706 0.811279
-0.244205 0.270766 0.931155
-0.244205 0.270766 0.931155
0.513279 -0.558585 0.651558
0.453081 0.003393 0.891463
0.513279 -0.558585 0.651558
-0.244205 0.270766 0.931155
0.000000 0.508677 0.860957
0.000000 0.508677 0.860957
-0.006667 -0.540424 0.841366
0.513279 -0.558585 0.651558
-0.006667 -0.540424 0.841366
0.000000 0.508677 0.860957
0.000000 0.508678 0.860957
0.000000 0.508678 0.860957
-0.013494 -0.568643 0.822474
-0.006667 -0.540424 0.841366
-0.013494 -0.568643 0.822474
0.000000 0.508678 0.860957
0.009040 0.487363 0.873153
0.009040 0.487363 0.873153
-0.037275 -0.665789 0.745209
-0.013494 -0.568643 0.822474
-0.037275 -0.665789 0.745209
0.009040 0.487363 0.873153
0.071961 0.390962 0.917589
0.071961 0.390962 0.917589
-0.168660 -0.696890 0.697064
-0.037275 -0.665789 0.745209
-0.168660 -0.696890 0.697064
0.071961 0.390962 0.917589
0.083780 0.294072 0.952104
0.083780 0.294072 0.952104
-0.387278 -0.776355 0.497282
-0.168660 -0.696890 0.697064
-0.387278 -0.776355 0.497282
0.083780 0.294072 0.952104
0.092792 0.004455 0.995676
0.092792 0.004455 0.995676
-0.978225 -0.004098 0.207505
-0.387278 -0.776355 0.497282
-0.978225 -0.004098 0.207505
0.092792 0.004455 0.995676
0.078988 -0.262069 0.961811
0.078988 -0.262069 0.961811
-0.398381 0.775915 0.489131
-0.978225 -0.004098 0.207505
-0.398381 0.775915 0.489131
0.078988 -0.262069 0.961811
0.058206 -0.362043 0.930342
0.058206 -0.362043 0.930342
-0.170009 0.716407 0.676652
-0.398381 0.775915 0.489131
-0.170009 0.716407 0.676652
0.058206 -0.362043 0.930342
0.008156 -0.491313 0.870945
0.008156 -0.491313 0.870945
-0.025907 0.655154 0.755050
-0.170009 0.716407 0.676652
-0.025907 0.655154 0.755050
0.008156 -0.491313 0.870945
-0.000000 -0.510575 0.859833
-0.000000 -0.510575 0.859833
-0.004398 0.571609 0.820515
-0.025907 0.655154 0.755050
-0.004398 0.571609 0.820515
-0.000000 -0.510575 0.859833
-0.000000 -0.510576 0.859833
-0.000000 -0.510576 0.859833
-0.007549 0.555432 0.831528
-0.004398 0.571609 0.820515
-0.007549 0.555432 0.831528
-0.000000 -0.510576 0.859833
-0.232370 -0.279920 0.931477
-0.232370 -0.279920 0.931477
0.507664 0.573023 0.643368
-0.007549 0.555432 0.831528
-0.000191 -0.000152 1.000000
-0.000135 -0.000241 1.000000
-0.000294 0.000017 1.000000
-0.000294 0.000017 1.000000
-0.000294 0.000017 1.000000
-0.000191 -0.000152 1.000000
-0.000294 0.000017 1.000000
-0.000294 0.000017 1.000000
-0.000288 -0.000010 1.000000
-0.000288 -0.000010 1.000000
-0.000288 -0.000008 1.000000
-0.000294 0.000017 1.000000
-0.000288 -0.000008 1.000000
-0.000288 -0.000010 1.000000
-0.000111 0.000801 1.000000
-0.000111 0.000801 1.000000
-0.000254 0.000152 1.000000
-0.000288 -0.000008 1.000000
-0.000254 0.000152 1.000000
-0.000111 0.000801 1.000000
0.000000 0.001310 0.999999
0.000000 0.001310 0.999999
0.000000 0.001310 0.999999
-0.000254 0.000152 1.000000
0.000000 0.001310 0.999999
0.000000 0.001310 0.999999
0.000000 0.001310 0.999999
0.000000 0.001310 0.999999
0.000000 0.001310 0.999999
0.000000 0.001310 0.999999
0.000000 0.001310 0.999999
0.000000 0.001310 0.999999
0.000003 0.001232 0.999999
0.000003 0.001232 0.999999
0.000044 0.000208 1.000000
0.000000 0.001310 0.999999
0.000044 0.000208 1.000000
0.000003 0.001232 0.999999
0.000039 0.000184 1.000000
0.000039 0.000184 1.000000
0.000035 0.000145 1.000000
0.000044 0.000208 1.000000
0.000035 0.000145 1.000000
0.000039 0.000184 1.000000
0.000036 0.000127 1.000000
0.000036 0.000127 1.000000
0.000031 0.000067 1.000000
0.000035 0.000145 1.000000
0.000031 0.000067 1.000000
0.000036 0.000127 1.000000
0.000030 0.000009 1.000000
0.000030 0.000009 1.000000
0.000030 0.000004 1.000000
0.000031 0.000067 1.000000
0.000030 0.000004 1.000000
0.000030 0.000009 1.000000
0.000029 -0.000083 1.000000
0.000029 -0.000083 1.000000
0.000031 -0.000059 1.000000
0.000030 0.000004 1.000000
0.000031 -0.000059 1.000000
0.000029 -0.000083 1.000000
0.000028 -0.000155 1.000000
0.000028 -0.000155 1.000000
0.000031 -0.000123 1.000000
0.000031 -0.000059 1.000000
0.000031 -0.000123 1.000000
0.000028 -0.000155 1.000000
0.000003 -0.000432 1.000000
0.000003 -0.000432 1.000000
0.000029 -0.000214 1.000000
0.000031 -0.000123 1.000000
0.000029 -0.000214 1.000000
0.000003 -0.000432 1.000000
-0.000000 -0.000456 1.000000
-0.000000 -0.000456 1.000000
-0.000000 -0.000456 1.000000
0.000029 -0.000214 1.000000
-0.000000 -0.000456 1.000000
-0.000000 -0.000456 1.000000
-0.000000 -0.000456 1.000000
-0.000000 -0.000456 1.000000
-0.000000 -0.000456 1.000000
-0.000000 -0.000456 1.000000
-0.000000 -0.000456 1.000000
-0.000000 -0.000456 1.000000
-0.000135 -0.000241 1.000000
-0.000135 -0.000241 1.000000
-0.000191 -0.000152 1.000000
-0.000000 -0.000456 1.000000
0.653960 0.599664 0.461238
0.567525 0.588887 0.575436
0.784599 0.005565 0.619978
0.784599 0.005565 0.619978
0.909176 0.001297 0.416410
0.653960 0.599664 0.461238
0.909176 0.001297 0.416410
0.784599 0.005565 0.619978
0.785613 -0.003843 0.618706
0.785613 -0.003843 0.618706
0.910530 -0.002835 0.413434
0.909176 0.001297 0.416410
0.910530 -0.002835 0.413434
0.785613 -0.003843 0.618706
0.568418 -0.588711 0.574735
0.568418 -0.588711 0.574735
0.652608 -0.598273 0.464943
0.910530 -0.002835 0.413434
0.652608 -0.598273 0.464943
0.568418 -0.588711 0.574735
-0.000000 -0.969018 0.246991
-0.000000 -0.969018 0.246991
-0.000000 -0.966234 0.257665
0.652608 -0.598273 0.464943
-0.000000 -0.966234 0.257665
-0.000000 -0.969018 0.246991
-0.000000 -0.969018 0.246991
-0.000000 -0.969018 0.246991
-0.000000 -0.966234 0.257665
-0.000000 -0.966234 0.257665
-0.000000 -0.966234 0.257665
-0.000000 -0.969018 0.246991
-0.105750 -0.956686 0.271236
-0.105750 -0.956686 0.271236
-0.091337 -0.962245 0.256402
-0.000000 -0.966234 0.257665
-0.091337 -0.962245 0.256402
-0.105750 -0.956686 0.271236
-0.260385 -0.902320 0.343539
-0.260385 -0.902320 0.343539
-0.257017 -0.924088 0.282849
-0.091337 -0.962245 0.256402
-0.257017 -0.924088 0.282849
-0.260385 -0.902320 0.343539
-0.399038 -0.749161 0.528703
-0.399038 -0.749161 0.528703
-0.431605 -0.734204 0.524083
-0.257017 -0.924088 0.282849
-0.431605 -0.734204 0.524083
-0.399038 -0.749161 0.528703
-0.573617 -0.032424 0.818482
-0.573617 -0.032424 0.818482
-0.589194 -0.010284 0.807926
-0.431605 -0.734204 0.524083
-0.589194 -0.010284 0.807926
-0.573617 -0.032424 0.818482
-0.417305 0.717425 0.557815
-0.417305 0.717425 0.557815
-0.438942 0.757424 0.483362
-0.589194 -0.010284 0.807926
-0.438942 0.757424 0.483362
-0.417305 0.717425 0.557815
-0.264272 0.903816 0.336566
-0.264272 0.903816 0.336566
-0.224784 0.951685 0.209209
-0.438942 0.757424 0.483362
-0.224784 0.951685 0.209209
-0.264272 0.903816 0.336566
-0.089396 0.961336 0.260465
-0.089396 0.961336 0.260465
-0.082502 0.964039 0.252630
-0.224784 0.951685 0.209209
-0.082502 0.964039 0.252630
-0.089396 0.961336 0.260465
0.000000 0.969916 0.243441
0.000000 0.969916 0.243441
0.000000 0.967297 0.253646
-0.082502 0.964039 0.252630
0.000000 0.967297 0.253646
0.000000 0.969916 0.243441
0.000000 0.969916 0.243441
0.000000 0.969916 0.243441
0.000000 0.967297 0.253646
0.000000 0.967297 0.253646
0.000000 0.967297 0.253646
0.000000 0.969916 0.243441
0.567525 0.588887 0.575436
0.567525 0.588887 0.575436
0.653960 0.599664 0.461238
0.000000 0.967297 0.253646
0.567525 0.588887 0.575436
0.242123 0.552295 0.797713
0.321236 0.004277 0.946989
0.321236 0.004277 0.946989
0.784599 0.005565 0.619978
0.567525 0.588887 0.575436
0.784599 0.005565 0.619978
0.321236 0.004277 0.946989
-0.434023 -0.004111 0.900893
-0.434023 -0.004111 0.900893
0.785613 -0.003843 0.618706
0.784599 0.005565 0.619978
0.785613 -0.003843 0.618706
-0.434023 -0.004111 0.900893
0.238167 -0.550804 0.799932
0.238167 -0.550804 0.799932
0.568418 -0.588711 0.574735
0.785613 -0.003843 0.618706
0.568418 -0.588711 0.574735
0.238167 -0.550804 0.799932
0.233132 -0.802581 0.549103
0.233132 -0.802581 0.549103
-0.000000 -0.969018 0.246991
0.568418 -0.588711 0.574735
-0.000000 -0.969018 0.246991
0.233132 -0.802581 0.549103
0.000287 -0.966632 0.256169
0.000287 -0.966632 0.256169
-0.000000 -0.969018 0.246991
-0.000000 -0.969018 0.246991
-0.000000 -0.969018 0.246991
0.000287 -0.966632 0.256169
-0.096015 -0.949572 0.298486
-0.096015 -0.949572 0.298486
-0.105750 -0.956686 0.271236
-0.000000 -0.969018 0.246991
-0.105750 -0.956686 0.271236
-0.096015 -0.949572 0.298486
-0.246171 -0.880694 0.404695
-0.246171 -0.880694 0.404695
-0.260385 -0.902320 0.343539
-0.105750 -0.956686 0.271236
-0.260385 -0.902320 0.343539
-0.246171 -0.880694 0.404695
-0.397409 -0.722084 0.566270
-0.397409 -0.722084 0.566270
-0.399038 -0.749161 0.528703
-0.260385 -0.902320 0.343539
-0.399038 -0.749161 0.528703
-0.397409 -0.722084 0.566270
-0.561000 -0.009072 0.827766
-0.561000 -0.009072 0.827766
-0.573617 -0.032424 0.818482
-0.399038 -0.749161 0.528703
-0.573617 -0.032424 0.818482
-0.561000 -0.009072 0.827766
-0.420549 0.694927 0.583280
-0.420549 0.694927 0.583280
-0.417305 0.717425 0.557815
-0.573617 -0.032424 0.818482
-0.417305 0.717425 0.557815
-0.420549 0.694927 0.583280
-0.253509 0.876925 0.408334
-0.253509 0.876925 0.408334
-0.264272 0.903816 0.336566
-0.417305 0.717425 0.557815
-0.264272 0.903816 0.336566
-0.253509 0.876925 0.408334
-0.076698 0.953850 0.290324
-0.076698 0.953850 0.290324
-0.089396 0.961336 0.260465
-0.264272 0.903816 0.336566
-0.089396 0.961336 0.260465
-0.076698 0.953850 0.290324
-0.000283 0.967361 0.253401
-0.000283 0.967361 0.253401
0.000000 0.969916 0.243441
-0.089396 0.961336 0.260465
0.000000 0.969916 0.243441
-0.000283 0.967361 0.253401
0.232989 0.804140 0.546878
0.232989 0.804140 0.546878
0.000000 0.969916 0.243441
0.000000 0.969916 0.243441
0.000000 0.969916 0.243441
0.232989 0.804140 0.546878
0.242123 0.552295 0.797713
0.242123 0.552295 0.797713
0.567525 0.588887 0.575436
0.000000 0.969916 0.243441
0.232989 0.804140 0.546878
0.233132 -0.802581 0.549103
0.238167 -0.550804 0.799932
0.238167 -0.550804 0.799932
-0.434023 -0.004111 0.900893
0.321236 0.004277 0.946989
0.232989 0.804140 0.546878
0.238167 -0.550804 0.799932
0.321236 0.004277 0.946989
0.232989 0.804140 0.546878
0.321236 0.004277 0.946989
0.242123 0.552295 0.797713
0.000287 -0.966632 0.256169
0.233132 -0.802581 0.549103
0.671605 -0.662073 0.332576
0.671605 -0.662073 0.332576
0.000323 -0.964122 0.265460
0.000287 -0.966632 0.256169
0.000287 -0.966632 0.256169
0.000323 -0.964122 0.265460
-0.094138 -0.946173 0.309670
-0.094138 -0.946173 0.309670
-0.096015 -0.949572 0.298486
0.000287 -0.966632 0.256169
-0.096015 -0.949572 0.298486
-0.094138 -0.946173 0.309670
-0.250871 -0.882782 0.397190
-0.250871 -0.882782 0.397190
-0.246171 -0.880694 0.404695
-0.096015 -0.949572 0.298486
-0.246171 -0.880694 0.404695
-0.250871 -0.882782 0.397190
-0.415964 -0.739385 0.529418
-0.415964 -0.739385 0.529418
-0.397409 -0.722084 0.566270
-0.246171 -0.880694 0.404695
-0.397409 -0.722084 0.566270
-0.415964 -0.739385 0.529418
-0.633071 -0.005343 0.774075
-0.633071 -0.005343 0.774075
-0.561000 -0.009072 0.827766
-0.397409 -0.722084 0.566270
-0.420549 0.694927 0.583280
-0.561000 -0.009072 0.827766
-0.633071 -0.005343 0.774075
-0.633071 -0.005343 0.774075
-0.440079 0.711177 0.548232
-0.420549 0.694927 0.583280
-0.253509 0.876925 0.408334
-0.420549 0.694927 0.583280
-0.440079 0.711177 0.548232
-0.440079 0.711177 0.548232
-0.257209 0.874127 0.412002
-0.253509 0.876925 0.408334
-0.076698 0.953850 0.290324
-0.253509 0.876925 0.408334
-0.257209 0.874127 0.412002
-0.257209 0.874127 0.412002
-0.075718 0.952398 0.295306
-0.076698 0.953850 0.290324
-0.000283 0.967361 0.253401
-0.076698 0.953850 0.290324
-0.075718 0.952398 0.295306
-0.075718 0.952398 0.295306
-0.000354 0.965083 0.261945
-0.000283 0.967361 0.253401
-0.000283 0.967361 0.253401
-0.000354 0.965083 0.261945
0.671808 0.662950 0.330412
0.671808 0.662950 0.330412
0.232989 0.804140 0.546878
-0.000283 0.967361 0.253401
0.233132 -0.802581 0.549103
0.232989 0.804140 0.546878
0.671808 0.662950 0.330412
0.671808 0.662950 0.330412
0.671605 -0.662073 0.332576
0.233132 -0.802581 0.549103
0.621795 -0.614683 0.485321
0.526971 -0.813942 0.244540
0.000001 -0.936363 0.351034
0.000001 -0.936363 0.351034
0.000007 -0.935141 0.354275
0.621795 -0.614683 0.485321
0.000007 -0.935141 0.354275
0.000001 -0.936363 0.351034
-0.128902 -0.890641 0.436054
-0.128902 -0.890641 0.436054
-0.145071 -0.904207 0.401701
0.000007 -0.935141 0.354275
-0.145071 -0.904207 0.401701
-0.128902 -0.890641 0.436054
-0.310284 -0.798056 0.516557
-0.310284 -0.798056 0.516557
-0.336273 -0.808302 0.483289
-0.145071 -0.904207 0.401701
-0.336273 -0.808302 0.483289
-0.310284 -0.798056 0.516557
-0.479161 -0.631307 0.609800
-0.479161 -0.631307 0.609800
-0.512770 -0.607273 0.606866
-0.336273 -0.808302 0.483289
-0.512770 -0.607273 0.606866
-0.479161 -0.631307 0.609800
-0.653392 -0.003029 0.757014
-0.653392 -0.003029 0.757014
-0.661738 -0.004056 0.749724
-0.512770 -0.607273 0.606866
-0.661738 -0.004056 0.749724
-0.653392 -0.003029 0.757014
-0.491467 0.589941 0.640648
-0.491467 0.589941 0.640648
-0.527646 0.590448 0.610705
-0.661738 -0.004056 0.749724
-0.527646 0.590448 0.610705
-0.491467 0.589941 0.640648
-0.315682 0.776565 0.545244
-0.315682 0.776565 0.545244
-0.352842 0.790789 0.500155
-0.527646 0.590448 0.610705
-0.352842 0.790789 0.500155
-0.315682 0.776565 0.545244
-0.113656 0.893691 0.434050
-0.113656 0.893691 0.434050
-0.120265 0.912879 0.390112
-0.352842 0.790789 0.500155
-0.120265 0.912879 0.390112
-0.113656 0.893691 0.434050
0.000002 0.937458 0.348099
0.000002 0.937458 0.348099
0.000008 0.936337 0.351103
-0.120265 0.912879 0.390112
0.000008 0.936337 0.351103
0.000002 0.937458 0.348099
0.526636 0.815058 0.241528
0.526636 0.815058 0.241528
0.623020 0.614869 0.483510
0.000008 0.936337 0.351103
0.623020 0.614869 0.483510
0.526636 0.815058 0.241528
0.526971 -0.813942 0.244540
0.526971 -0.813942 0.244540
0.621795 -0.614683 0.485321
0.623020 0.614869 0.483510
0.526971 -0.813942 0.244540
0.774303 -0.632413 0.022564
-0.000000 -0.862347 0.506317
-0.000000 -0.862347 0.506317
0.000001 -0.936363 0.351034
0.526971 -0.813942 0.244540
0.000001 -0.936363 0.351034
-0.000000 -0.862347 0.506317
-0.075239 -0.835338 0.544563
-0.075239 -0.835338 0.544563
-0.128902 -0.890641 0.436054
0.000001 -0.936363 0.351034
-0.128902 -0.890641 0.436054
-0.075239 -0.835338 0.544563
-0.243466 -0.728663 0.640137
-0.243466 -0.728663 0.640137
-0.310284 -0.798056 0.516557
-0.128902 -0.890641 0.436054
-0.310284 -0.798056 0.516557
-0.243466 -0.728663 0.640137
-0.390817 -0.579703 0.714987
-0.390817 -0.579703 0.714987
-0.479161 -0.631307 0.609800
-0.310284 -0.798056 0.516557
-0.479161 -0.631307 0.609800
-0.390817 -0.579703 0.714987
-0.578707 0.019177 0.815310
-0.578707 0.019177 0.815310
-0.653392 -0.003029 0.757014
-0.479161 -0.631307 0.609800
-0.653392 -0.003029 0.757014
-0.578707 0.019177 0.815310
-0.405942 0.562386 0.720370
-0.405942 0.562386 0.720370
-0.491467 0.589941 0.640648
-0.653392 -0.003029 0.757014
-0.491467 0.589941 0.640648
-0.405942 0.562386 0.720370
-0.245555 0.729347 0.638558
-0.245555 0.729347 0.638558
-0.315682 0.776565 0.545244
-0.491467 0.589941 0.640648
-0.315682 0.776565 0.545244
-0.245555 0.729347 0.638558
-0.070205 0.838255 0.540741
-0.070205 0.838255 0.540741
-0.113656 0.893691 0.434050
-0.315682 0.776565 0.545244
-0.113656 0.893691 0.434050
-0.070205 0.838255 0.540741
0.000000 0.864184 0.503176
0.000000 0.864184 0.503176
0.000002 0.937458 0.348099
-0.113656 0.893691 0.434050
0.000002 0.937458 0.348099
0.000000 0.864184 0.503176
0.774189 0.632604 0.021079
0.774189 0.632604 0.021079
0.526636 0.815058 0.241528
0.000002 0.937458 0.348099
0.526636 0.815058 0.241528
0.774189 0.632604 0.021079
0.774303 -0.632413 0.022564
0.774303 -0.632413 0.022564
0.526971 -0.813942 0.244540
0.526636 0.815058 0.241528
0.683530 0.658410 0.315091
0.671808 0.662950 0.330412
-0.000354 0.965083 0.261945
-0.000354 0.965083 0.261945
0.000005 0.967951 0.251139
0.683530 0.658410 0.315091
-0.000354 0.965083 0.261945
-0.075718 0.952398 0.295306
-0.059635 0.961451 0.268431
-0.059635 0.961451 0.268431
0.000005 0.967951 0.251139
-0.000354 0.965083 0.261945
-0.075718 0.952398 0.295306
-0.257209 0.874127 0.412002
-0.215329 0.897087 0.385835
-0.215329 0.897087 0.385835
-0.059635 0.961451 0.268431
-0.075718 0.952398 0.295306
-0.257209 0.874127 0.412002
-0.440079 0.711177 0.548232
-0.412167 0.745757 0.523416
-0.412167 0.745757 0.523416
-0.215329 0.897087 0.385835
-0.257209 0.874127 0.412002
-0.440079 0.711177 0.548232
-0.633071 -0.005343 0.774075
-0.670472 -0.012092 0.741836
-0.670472 -0.012092 0.741836
-0.412167 0.745757 0.523416
-0.440079 0.711177 0.548232
-0.670472 -0.012092 0.741836
-0.633071 -0.005343 0.774075
-0.415964 -0.739385 0.529418
-0.415964 -0.739385 0.529418
-0.389594 -0.788507 0.475891
-0.670472 -0.012092 0.741836
-0.389594 -0.788507 0.475891
-0.415964 -0.739385 0.529418
-0.250871 -0.882782 0.397190
-0.250871 -0.882782 0.397190
-0.232320 -0.900823 0.366804
-0.389594 -0.788507 0.475891
-0.232320 -0.900823 0.366804
-0.250871 -0.882782 0.397190
-0.094138 -0.946173 0.309670
-0.094138 -0.946173 0.309670
-0.068938 -0.954266 0.290901
-0.232320 -0.900823 0.366804
-0.068938 -0.954266 0.290901
-0.094138 -0.946173 0.309670
0.000323 -0.964122 0.265460
0.000323 -0.964122 0.265460
0.000005 -0.967159 0.254171
-0.068938 -0.954266 0.290901
0.000323 -0.964122 0.265460
0.671605 -0.662073 0.332576
0.683934 -0.657032 0.317086
0.683934 -0.657032 0.317086
0.000005 -0.967159 0.254171
0.000323 -0.964122 0.265460
0.683934 -0.657032 0.317086
0.671605 -0.662073 0.332576
0.671808 0.662950 0.330412
0.671808 0.662950 0.330412
0.683530 0.658410 0.315091
0.683934 -0.657032 0.317086
0.774303 -0.632413 0.022564
0.452584 -0.322654 0.831301
0.000311 -0.418809 0.908074
0.000311 -0.418809 0.908074
-0.000000 -0.862347 0.506317
0.774303 -0.632413 0.022564
-0.000000 -0.862347 0.506317
0.000311 -0.418809 0.908074
-0.028387 -0.456045 0.889504
-0.028387 -0.456045 0.889504
-0.075239 -0.835338 0.544563
-0.000000 -0.862347 0.506317
-0.075239 -0.835338 0.544563
-0.028387 -0.456045 0.889504
-0.100001 -0.368216 0.924347
-0.100001 -0.368216 0.924347
-0.243466 -0.728663 0.640137
-0.075239 -0.835338 0.544563
-0.243466 -0.728663 0.640137
-0.100001 -0.368216 0.924347
-0.178951 -0.323549 0.929135
-0.178951 -0.323549 0.929135
-0.390817 -0.579703 0.714987
-0.243466 -0.728663 0.640137
-0.390817 -0.579703 0.714987
-0.178951 -0.323549 0.929135
-0.334925 0.015867 0.942111
-0.334925 0.015867 0.942111
-0.578707 0.019177 0.815310
-0.390817 -0.579703 0.714987
-0.578707 0.019177 0.815310
-0.334925 0.015867 0.942111
-0.184364 0.316435 0.930526
-0.184364 0.316435 0.930526
-0.405942 0.562386 0.720370
-0.578707 0.019177 0.815310
-0.405942 0.562386 0.720370
-0.184364 0.316435 0.930526
-0.103583 0.396220 0.912294
-0.103583 0.396220 0.912294
-0.245555 0.729347 0.638558
-0.405942 0.562386 0.720370
-0.245555 0.729347 0.638558
-0.103583 0.396220 0.912294
-0.027050 0.427459 0.903630
-0.027050 0.427459 0.903630
-0.070205 0.838255 0.540741
-0.245555 0.729347 0.638558
-0.070205 0.838255 0.540741
-0.027050 0.427459 0.903630
0.000000 0.420770 0.907167
0.000000 0.420770 0.907167
0.000000 0.864184 0.503176
-0.070205 0.838255 0.540741
0.000000 0.864184 0.503176
0.000000 0.420770 0.907167
0.452304 0.324484 0.830741
0.452304 0.324484 0.830741
0.774189 0.632604 0.021079
0.000000 0.864184 0.503176
0.774189 0.632604 0.021079
0.452304 0.324484 0.830741
0.452584 -0.322654 0.831301
0.452584 -0.322654 0.831301
0.774303 -0.632413 0.022564
0.774189 0.632604 0.021079
-0.000007 -0.933029 -0.359801
-0.000007 -0.933029 -0.359801
-0.000007 -0.933029 -0.359801
-0.000004 -0.949373 -0.314151
-0.000004 -0.949373 -0.314151
-0.000004 -0.949373 -0.314151
-0.000013 -0.938493 -0.345299
-0.000013 -0.938493 -0.345299
-0.000013 -0.938493 -0.345299
-0.000008 -0.960853 -0.277057
-0.000008 -0.960853 -0.277057
-0.000008 -0.960853 -0.277057
-0.000371 -0.001433 0.999999
-0.000371 -0.001433 0.999999
-0.000371 -0.001433 0.999999
-0.000129 -0.000702 1.000000
-0.000129 -0.000702 1.000000
-0.000129 -0.000702 1.000000
-0.000128 -0.000411 1.000000
-0.000128 -0.000411 1.000000
-0.000128 -0.000411 1.000000
-0.000084 -0.000379 1.000000
-0.000084 -0.000379 1.000000
-0.000084 -0.000379 1.000000
-0.000084 -0.000453 1.000000
-0.000084 -0.000453 1.000000
-0.000084 -0.000453 1.000000
-0.000066 -0.000456 1.000000
-0.000066 -0.000456 1.000000
-0.000066 -0.000456 1.000000
-0.000066 0.000442 1.000000
-0.000066 0.000442 1.000000
-0.000066 0.000442 1.000000
-0.000085 0.000483 1.000000
-0.000085 0.000483 1.000000
-0.000085 0.000483 1.000000
-0.000085 0.000318 1.000000
-0.000085 0.000318 1.000000
-0.000085 0.000318 1.000000
-0.000121 0.000447 1.000000
-0.000121 0.000447 1.000000
-0.000121 0.000447 1.000000
-0.000121 0.000541 1.000000
-0.000121 0.000541 1.000000
-0.000121 0.000541 1.000000
-0.000371 0.002214 0.999997
-0.000371 0.002214 0.999998
-0.000371 0.002214 0.999997
0.000010 0.961905 0.273383
0.000010 0.961905 0.273383
0.000010 0.961905 0.273383
0.000009 0.943316 0.331896
0.000009 0.943316 0.331896
0.000009 0.943316 0.331896
0.000006 0.947749 0.319016
0.000006 0.947749 0.319016
0.000006 0.947749 0.319016
0.000005 0.939445 0.342699
0.000005 0.939445 0.342699
0.000005 0.939445 0.342699
0.000093 -0.000000 1.000000
0.000093 -0.000000 1.000000
0.000093 -0.000000 1.000000
0.000093 -0.000000 1.000000
0.000093 -0.000000 1.000000
0.000093 -0.000000 1.000000
0.000001 -0.996256 0.086454
0.000001 -0.996256 0.086454
0.000001 -0.996256 0.086454
0.000001 -0.996256 0.086454
0.000001 -0.996256 0.086454
0.000001 -0.996256 0.086454
0.000002 -0.996256 0.086454
0.000002 -0.996256 0.086454
0.000002 -0.996256 0.086454
0.000002 -0.996256 0.086454
0.000002 -0.996256 0.086454
0.000002 -0.996256 0.086454
-0.198068 -0.967064 0.159865
-0.198068 -0.967064 0.159865
-0.198068 -0.967064 0.159865
-0.198068 -0.967064 0.159866
-0.198068 -0.967064 0.159866
-0.198068 -0.967064 0.159866
-0.339849 -0.910165 0.236860
-0.339849 -0.910165 0.236860
-0.339849 -0.910165 0.236860
-0.339849 -0.910165 0.236861
-0.339849 -0.910165 0.236861
-0.339849 -0.910165 0.236861
-0.580630 -0.704899 0.407413
-0.580630 -0.704899 0.407413
-0.580630 -0.704899 0.407413
-0.580630 -0.704899 0.407413
-0.580630 -0.704899 0.407413
-0.580630 -0.704899 0.407413
-0.549755 0.654852 0.518593
-0.549755 0.654852 0.518593
-0.549755 0.654852 0.518593
-0.549755 0.654852 0.518592
-0.549755 0.654852 0.518592
-0.549755 0.654852 0.518592
-0.365978 0.828625 0.423604
-0.365978 0.828625 0.423604
-0.365978 0.828625 0.423604
-0.365978 0.828625 0.423605
-0.365978 0.828625 0.423605
-0.365978 0.828625 0.423605
-0.155963 0.931759 0.327872
-0.155963 0.931759 0.327872
-0.155963 0.931759 0.327872
-0.155963 0.931759 0.327872
-0.155963 0.931759 0.327872
-0.155963 0.931759 0.327872
0.000008 0.961017 0.276487
0.000008 0.961017 0.276487
0.000008 0.961017 0.276487
0.000008 0.961018 0.276488
0.000008 0.961017 0.276488
0.000008 0.961018 0.276488
0.000004 0.961017 0.276488
0.000004 0.961017 0.276488
0.000004 0.961017 0.276488
0.000004 0.961017 0.276488
0.000004 0.961017 0.276488
0.000004 0.961017 0.276488
0.995710 -0.000000 0.092528
0.995710 -0.000000 0.092528
0.995710 -0.000000 0.092528
0.995710 -0.000000 0.092528
0.995710 -0.000000 0.092528
0.995710 -0.000000 0.092528
</float_array>
          <technique_common>
            <accessor source="#Boat1-Normal0-array" count="1050" stride="3">
              <param name="X" type="float"/>
              <param name="Y" type="float"/>
              <param name="Z" type="float"/>
            </accessor>
          </technique_common>
        </source>
        <source id="Boat1-UV0">
          <float_array id="Boat1-UV0-array" count="626">
0.442940 0.353423
0.438758 0.353423
0.435602 0.352528
0.433101 0.351233
0.431028 0.348868
0.433101 0.346456
0.435290 0.345116
0.438758 0.344312
0.442940 0.344312
0.442870 0.353255
0.438974 0.353255
0.436034 0.352393
0.433704 0.351146
0.431773 0.348867
0.433704 0.346543
0.435743 0.345252
0.438974 0.344478
0.442870 0.344478
0.225046 0.414205
0.224620 0.414205
0.220948 0.414205
0.212640 0.414205
0.216850 0.414205
0.212906 0.414205
0.218827 0.414205
0.225046 0.400990
0.223951 0.397338
0.224284 0.400990
0.218843 0.391187
0.218868 0.394455
0.222127 0.393974
0.222483 0.397434
0.212640 0.400990
0.213470 0.400990
0.213860 0.397338
0.215622 0.393974
0.215357 0.397434
0.224531 0.409800
0.224373 0.405395
0.225046 0.409800
0.225046 0.405395
0.213325 0.405395
0.213050 0.409800
0.212640 0.405395
0.212640 0.409800
0.216919 0.411149
0.216919 0.409704
0.216919 0.408260
0.217302 0.407171
0.217855 0.406307
0.218866 0.405591
0.219897 0.406307
0.220470 0.407063
0.220814 0.408260
0.220814 0.409704
0.220814 0.411149
0.220832 0.414007
0.224703 0.414007
0.216962 0.414007
0.212986 0.414007
0.212986 0.409846
0.212986 0.405686
0.212986 0.401525
0.214137 0.398076
0.215802 0.394899
0.218844 0.392267
0.221945 0.394899
0.223669 0.398076
0.224703 0.401525
0.224703 0.405686
0.224703 0.409846
0.220832 0.413888
0.224703 0.413888
0.216962 0.413888
0.212986 0.413888
0.212986 0.410604
0.212986 0.407320
0.212986 0.404036
0.214137 0.401313
0.215802 0.398805
0.218844 0.396728
0.221945 0.398805
0.223668 0.401313
0.224703 0.404036
0.224703 0.407320
0.224703 0.410604
0.220669 0.413485
0.224213 0.413485
0.217124 0.413485
0.213484 0.413485
0.213484 0.410602
0.213484 0.407318
0.213484 0.404034
0.214538 0.401556
0.216062 0.399592
0.218848 0.397965
0.221688 0.399592
0.223266 0.401311
0.224213 0.404034
0.224213 0.407318
0.224213 0.410602
0.220603 0.413008
0.224018 0.413008
0.217189 0.413008
0.213681 0.413008
0.213681 0.410322
0.213681 0.407263
0.224018 0.410322
0.224018 0.407263
0.214137 0.407378
0.214130 0.410157
0.213681 0.404204
0.214143 0.404607
0.214697 0.401896
0.215067 0.402512
0.216166 0.400066
0.216410 0.400865
0.218850 0.398550
0.218853 0.399507
0.221585 0.400066
0.221356 0.400821
0.223106 0.401667
0.222762 0.402254
0.224018 0.404204
0.223523 0.404641
0.223571 0.407377
0.223576 0.410157
0.215597 0.408686
0.215597 0.410522
0.215597 0.406851
0.216238 0.405467
0.217166 0.404369
0.218861 0.403459
0.220588 0.404369
0.221548 0.405330
0.222124 0.406851
0.222124 0.408686
0.222124 0.410522
0.216061 0.409594
0.216061 0.411430
0.221664 0.411430
0.221664 0.409594
0.216061 0.407759
0.216612 0.406375
0.217408 0.405277
0.218863 0.404367
0.220346 0.405277
0.221170 0.406238
0.221664 0.407759
0.118063 0.816263
0.118063 0.872093
0.117441 0.872096
0.117441 0.816260
0.118063 0.843956
0.117441 0.843959
0.118063 0.819187
0.117441 0.819191
0.096373 0.819187
0.100321 0.819191
0.074684 0.819187
0.083201 0.819191
0.052995 0.819187
0.066081 0.819191
0.035012 0.863935
0.051887 0.863938
0.018450 0.822468
0.038815 0.822471
0.004730 0.858218
0.027985 0.858215
0.018450 0.821004
0.038815 0.821001
0.035012 0.863932
0.051887 0.863929
0.052995 0.816263
0.066081 0.816260
0.074684 0.816263
0.083201 0.816260
0.096373 0.816263
0.100321 0.816260
0.012911 0.822886
0.106601 0.822886
0.106601 0.837441
0.106601 0.851996
0.106601 0.866947
0.012911 0.866947
0.045432 0.946677
0.042687 0.946677
0.040607 0.946677
0.044740 0.946677
0.039811 0.946677
0.042652 0.946677
0.045270 0.938603
0.042672 0.934610
0.042696 0.938603
0.044238 0.938603
0.042684 0.936607
0.044406 0.936430
0.040082 0.938603
0.041180 0.938603
0.040987 0.936430
0.045389 0.943986
0.045313 0.941295
0.044371 0.941295
0.044607 0.943986
0.042697 0.941295
0.042686 0.943986
0.040753 0.943986
0.041034 0.941295
0.040013 0.941295
0.039880 0.943986
0.463409 0.350380
0.463561 0.350739
0.460970 0.353729
0.460622 0.353602
0.458378 0.356718
0.457918 0.356803
0.456896 0.359743
0.456175 0.360100
0.456651 0.362216
0.455942 0.362746
0.457367 0.365333
0.456772 0.366023
0.460614 0.365456
0.460232 0.366164
0.463238 0.364545
0.463036 0.365199
0.465937 0.362897
0.465931 0.363422
0.468528 0.359907
0.468718 0.360218
0.471120 0.356917
0.471514 0.357005
0.464414 0.366223
0.462045 0.366223
0.463217 0.365345
0.465586 0.365345
0.459676 0.366223
0.460848 0.365345
0.457889 0.365010
0.459060 0.364303
0.456472 0.363256
0.457643 0.362798
0.455298 0.360050
0.456470 0.360046
0.456472 0.356783
0.457643 0.357242
0.457712 0.354967
0.458884 0.355683
0.459676 0.353877
0.460848 0.354748
0.462045 0.353877
0.463217 0.354748
0.464414 0.353877
0.465586 0.354748
0.456470 0.353877
0.456470 0.366223
0.455298 0.365345
0.455298 0.354748
0.214450 0.410039
0.214450 0.407457
0.214450 0.404874
0.215316 0.402926
0.216567 0.401381
0.218855 0.400102
0.221186 0.401381
0.222482 0.402733
0.223259 0.404874
0.223259 0.407457
0.223259 0.410039
0.082090 0.865830
0.102593 0.865830
0.061587 0.865830
0.046119 0.861658
0.033854 0.855626
0.023694 0.844601
0.033854 0.833364
0.044588 0.827120
0.061587 0.823372
0.082090 0.823372
0.102593 0.823372
0.113531 0.865830
0.086192 0.865830
0.058854 0.865830
0.038230 0.861657
0.021876 0.855626
0.008329 0.844601
0.021876 0.833364
0.036188 0.827120
0.058854 0.823372
0.086192 0.823372
0.113531 0.823372
0.226770 0.401518
0.222646 0.401518
0.218523 0.401518
0.215412 0.400602
0.212945 0.399278
0.210901 0.396859
0.212945 0.394393
0.215104 0.393022
0.218523 0.392200
0.222646 0.392200
0.226770 0.392200
0.226770 0.401518
0.222646 0.401518
0.218523 0.401518
0.215412 0.400602
0.212945 0.399278
0.210901 0.396859
0.212945 0.394393
0.215104 0.393022
0.218523 0.392200
0.222646 0.392200
0.226770 0.392200
</float_array>
          <technique_common>
            <accessor source="#Boat1-UV0-array" count="313" stride="2">
              <param name="S" type="float"/>
              <param name="T" type="float"/>
            </accessor>
          </technique_common>
        </source>
        <vertices id="Boat1-VERTEX">
          <input semantic="POSITION" source="#Boat1-POSITION"/>
        </vertices>
        <triangles count="350" material="_01 - Default"><input semantic="VERTEX" offset="0" source="#Boat1-VERTEX"/><input semantic="NORMAL" offset="1" source="#Boat1-Normal0"/><input semantic="TEXCOORD" offset="2" set="0" source="#Boat1-UV0"/><p> 0 0 18 12 1 20 7 2 19 5 3 186 8 4 188 9 5 187 3 6 21 10 7 23 11 8 22 7 9 19 12 10 20 29 11 24 9 12 187 8 13 188 29 14 190 11 15 22 10 16 23 29 17 24 7 18 185 29 19 190 8 20 188 9 21 187 29 22 190 10 23 189 11 24 22 29 25 24 12 26 20 1 27 25 18 28 27 13 29 26 2 30 28 14 31 30 15 32 29 6 33 193 16 34 195 17 35 194 13 36 26 18 37 27 30 38 31 15 39 29 14 40 30 30 41 31 17 42 194 16 43 195 30 44 196 13 45 26 30 46 31 14 47 30 15 48 192 30 49 196 16 50 195 17 51 194 30 52 196 18 53 191 4 54 32 22 55 34 19 56 33 6 57 193 20 58 198 16 59 195 2 60 28 15 61 29 21 62 35 19 63 33 22 64 34 31 65 36 16 66 195 20 67 198 31 68 199 21 69 35 15 70 29 31 71 36 19 72 197 31 73 199 20 74 198 16 75 195 31 76 199 15 77 192 21 78 35 31 79 36 22 80 34 32 81 200 34 82 203 35 83 202 35 84 202 33 85 201 32 86 200 0 87 18 7 88 19 32 89 37 32 90 37 23 91 39 0 92 18 18 93 27 1 94 25 24 95 40 24 96 40 33 97 38 18 98 27 6 99 193 17 100 194 35 101 202 35 102 202 25 103 204 6 104 193 8 105 188 5 106 186 26 107 205 26 108 205 34 109 203 8 110 188 23 111 39 32 112 37 33 113 38 33 114 38 24 115 40 23 116 39 17 117 194 18 118 191 33 119 201 33 120 201 35 121 202 17 122 194 25 123 204 35 124 202 34 125 203 34 126 203 26 127 205 25 128 204 7 129 185 8 130 188 34 131 203 34 132 203 32 133 200 7 134 185 36 135 206 38 136 209 39 137 208 39 138 208 37 139 207 36 140 206 5 141 186 9 142 187 36 143 206 36 144 206 26 145 205 5 146 186 20 147 198 6 148 193 25 149 204 25 150 204 37 151 207 20 152 198 4 153 32 19 154 33 39 155 41 39 156 41 27 157 43 4 158 32 10 159 23 3 160 21 28 161 44 28 162 44 38 163 42 10 164 23 26 165 205 36 166 206 37 167 207 37 168 207 25 169 204 26 170 205 19 171 197 20 172 198 37 173 207 37 174 207 39 175 208 19 176 197 27 177 43 39 178 41 38 179 42 38 180 42 28 181 44 27 182 43 9 183 187 10 184 189 38 185 209 38 186 209 36 187 206 9 188 187 144 189 45 154 190 55 153 191 54 153 192 54 152 193 53 151 194 52 151 195 52 150 196 51 149 197 50 153 198 54 151 199 52 149 200 50 149 201 50 148 202 49 147 203 48 147 204 48 146 205 47 145 206 46 149 207 50 147 208 48 145 209 46 153 210 54 149 211 50 145 212 46 144 213 45 153 214 54 145 215 46 0 216 18 40 217 57 41 218 56 41 219 56 12 220 20 0 221 18 12 222 20 41 223 56 42 224 58 42 225 58 11 226 22 12 227 20 11 228 22 42 229 58 43 230 59 43 231 59 3 232 21 11 233 22 3 234 21 43 235 59 44 236 60 44 237 60 28 238 44 3 239 21 28 240 44 44 241 60 45 242 61 45 243 61 27 244 43 28 245 44 27 246 43 45 247 61 46 248 62 46 249 62 4 250 32 27 251 43 4 252 32 46 253 62 47 254 63 47 255 63 22 256 34 4 257 32 22 258 34 47 259 63 48 260 64 48 261 64 21 262 35 22 263 34 21 264 35 48 265 64 49 266 65 49 267 65 2 268 28 21 269 35 2 270 28 49 271 65 50 272 66 50 273 66 14 274 30 2 275 28 14 276 30 50 277 66 51 278 67 51 279 67 13 280 26 14 281 30 13 282 26 51 283 67 52 284 68 52 285 68 1 286 25 13 287 26 1 288 25 52 289 68 53 290 69 53 291 69 24 292 40 1 293 25 24 294 40 53 295 69 54 296 70 54 297 70 23 298 39 24 299 40 23 300 39 54 301 70 40 302 57 40 303 57 0 304 18 23 305 39 40 306 149 55 307 152 56 308 151 56 309 151 41 310 150 40 311 149 41 312 150 56 313 151 57 314 154 57 315 154 42 316 153 41 317 150 42 318 153 57 319 154 58 320 156 58 321 156 43 322 155 42 323 153 43 324 155 58 325 156 59 326 158 59 327 158 44 328 157 43 329 155 44 330 157 59 331 158 60 332 160 60 333 160 45 334 159 44 335 157 45 336 159 60 337 160 61 338 162 61 339 162 46 340 161 45 341 159 46 342 161 61 343 162 62 344 164 62 345 164 47 346 163 46 347 161 47 348 163 62 349 164 63 350 166 63 351 166 48 352 165 47 353 163 48 354 165 63 355 166 64 356 168 64 357 168 49 358 167 48 359 165 49 360 167 64 361 168 65 362 170 65 363 170 50 364 169 49 365 167 50 366 169 65 367 170 66 368 172 66 369 172 51 370 171 50 371 169 51 372 171 66 373 172 67 374 174 67 375 174 52 376 173 51 377 171 52 378 173 67 379 174 68 380 176 68 381 176 53 382 175 52 383 173 53 384 175 68 385 176 69 386 178 69 387 178 54 388 177 53 389 175 54 390 177 69 391 178 55 392 152 55 393 152 40 394 149 54 395 177 55 396 72 70 397 87 71 398 86 71 399 86 56 400 71 55 401 72 56 402 71 71 403 86 72 404 88 72 405 88 57 406 73 56 407 71 57 408 73 72 409 88 73 410 89 73 411 89 58 412 74 57 413 73 58 414 74 73 415 89 74 416 90 74 417 90 59 418 75 58 419 74 59 420 75 74 421 90 75 422 91 75 423 91 60 424 76 59 425 75 60 426 76 75 427 91 76 428 92 76 429 92 61 430 77 60 431 76 61 432 77 76 433 92 77 434 93 77 435 93 62 436 78 61 437 77 62 438 78 77 439 93 78 440 94 78 441 94 63 442 79 62 443 78 63 444 79 78 445 94 79 446 95 79 447 95 64 448 80 63 449 79 64 450 80 79 451 95 80 452 96 80 453 96 65 454 81 64 455 80 65 456 81 80 457 96 81 458 97 81 459 97 66 460 82 65 461 81 66 462 82 81 463 97 82 464 98 82 465 98 67 466 83 66 467 82 67 468 83 82 469 98 83 470 99 83 471 99 68 472 84 67 473 83 68 474 84 83 475 99 84 476 100 84 477 100 69 478 85 68 479 84 69 480 85 84 481 100 70 482 87 70 483 87 55 484 72 69 485 85 70 486 87 85 487 102 86 488 101 86 489 101 71 490 86 70 491 87 71 492 86 86 493 101 87 494 103 87 495 103 72 496 88 71 497 86 72 498 88 87 499 103 88 500 104 88 501 104 73 502 89 72 503 88 73 504 89 88 505 104 89 506 105 89 507 105 74 508 90 73 509 89 74 510 90 89 511 105 90 512 106 90 513 106 75 514 91 74 515 90 75 516 0 90 517 9 91 518 10 91 519 10 76 520 1 75 521 0 76 522 1 91 523 10 92 524 11 92 525 11 77 526 2 76 527 1 77 528 2 92 529 11 93 530 12 93 531 12 78 532 3 77 533 2 78 534 3 93 535 12 94 536 13 94 537 13 79 538 4 78 539 3 79 540 4 94 541 13 95 542 14 95 543 14 80 544 5 79 545 4 80 546 5 95 547 14 96 548 15 96 549 15 81 550 6 80 551 5 81 552 6 96 553 15 97 554 16 97 555 16 82 556 7 81 557 6 82 558 7 97 559 16 98 560 17 98 561 17 83 562 8 82 563 7 83 564 99 98 565 108 99 566 107 99 567 107 84 568 100 83 569 99 84 570 100 99 571 107 85 572 102 85 573 102 70 574 87 84 575 100 99 576 179 89 577 184 88 578 183 88 579 183 87 580 182 86 581 181 99 582 179 88 583 183 86 584 181 99 585 179 86 586 181 85 587 180 90 588 106 89 589 105 143 590 110 143 591 110 142 592 109 90 593 106 90 594 106 142 595 109 141 596 112 141 597 112 91 598 111 90 599 106 91 600 111 141 601 112 140 602 114 140 603 114 92 604 113 91 605 111 92 606 113 140 607 114 139 608 116 139 609 116 93 610 115 92 611 113 93 612 115 139 613 116 138 614 118 138 615 118 94 616 117 93 617 115 95 618 119 94 619 117 138 620 118 138 621 118 137 622 120 95 623 119 96 624 121 95 625 119 137 626 120 137 627 120 136 628 122 96 629 121 97 630 123 96 631 121 136 632 122 136 633 122 135 634 124 97 635 123 98 636 108 97 637 123 135 638 124 135 639 124 134 640 125 98 641 108 98 642 108 134 643 125 133 644 126 133 645 126 99 646 107 98 647 108 89 648 105 99 649 107 133 650 126 133 651 126 143 652 110 89 653 105 155 654 258 111 655 128 112 656 127 112 657 127 156 658 259 155 659 258 156 660 259 112 661 127 113 662 129 113 663 129 157 664 260 156 665 259 157 666 260 113 667 129 114 668 130 114 669 130 158 670 261 157 671 260 158 672 261 114 673 130 115 674 131 115 675 131 159 676 262 158 677 261 159 678 262 115 679 131 116 680 132 116 681 132 160 682 263 159 683 262 160 684 263 116 685 132 117 686 133 117 687 133 161 688 264 160 689 263 161 690 264 117 691 133 118 692 134 118 693 134 162 694 265 161 695 264 162 696 265 118 697 134 119 698 135 119 699 135 163 700 266 162 701 265 163 702 266 119 703 135 120 704 136 120 705 136 164 706 267 163 707 266 164 708 267 120 709 136 121 710 137 121 711 137 165 712 268 164 713 267 165 714 268 121 715 137 111 716 128 111 717 128 155 718 258 165 719 268 111 720 232 122 721 235 123 722 234 123 723 234 112 724 233 111 725 232 112 726 233 123 727 234 124 728 237 124 729 237 113 730 236 112 731 233 113 732 236 124 733 237 125 734 239 125 735 239 114 736 238 113 737 236 114 738 238 125 739 239 126 740 241 126 741 241 115 742 240 114 743 238 115 744 240 126 745 241 127 746 243 127 747 243 116 748 242 115 749 240 116 750 242 127 751 243 128 752 245 128 753 245 117 754 244 116 755 242 117 756 244 128 757 245 129 758 247 129 759 247 118 760 246 117 761 244 118 762 246 129 763 247 130 764 249 130 765 249 119 766 248 118 767 246 119 768 248 130 769 249 131 770 251 131 771 251 120 772 250 119 773 248 120 774 250 131 775 251 132 776 253 132 777 253 121 778 252 120 779 250 121 780 254 132 781 257 122 782 256 122 783 256 111 784 255 121 785 254 110 786 211 133 787 210 134 788 213 134 789 213 109 790 212 110 791 211 134 792 213 135 793 215 108 794 214 108 795 214 109 796 212 134 797 213 135 798 215 136 799 217 107 800 216 107 801 216 108 802 214 135 803 215 136 804 217 137 805 219 106 806 218 106 807 218 107 808 216 136 809 217 137 810 219 138 811 221 105 812 220 105 813 220 106 814 218 137 815 219 105 816 220 138 817 221 139 818 223 139 819 223 104 820 222 105 821 220 104 822 222 139 823 223 140 824 225 140 825 225 103 826 224 104 827 222 103 828 224 140 829 225 141 830 227 141 831 227 102 832 226 103 833 224 102 834 226 141 835 227 142 836 229 142 837 229 101 838 228 102 839 226 142 840 229 143 841 231 100 842 230 100 843 230 101 844 228 142 845 229 100 846 230 143 847 231 133 848 210 133 849 210 110 850 211 100 851 230 122 852 139 144 853 45 145 854 46 145 855 46 123 856 138 122 857 139 123 858 138 145 859 46 146 860 47 146 861 47 124 862 142 123 863 138 124 864 142 146 865 47 147 866 48 147 867 48 125 868 143 124 869 142 125 870 143 147 871 48 148 872 49 148 873 49 126 874 144 125 875 143 126 876 144 148 877 49 149 878 50 149 879 50 127 880 145 126 881 144 127 882 145 149 883 50 150 884 51 150 885 51 128 886 146 127 887 145 128 888 146 150 889 51 151 890 52 151 891 52 129 892 147 128 893 146 129 894 147 151 895 52 152 896 53 152 897 53 130 898 148 129 899 147 130 900 148 152 901 53 153 902 54 153 903 54 131 904 141 130 905 148 131 906 141 153 907 54 154 908 55 154 909 55 132 910 140 131 911 141 132 912 140 154 913 55 144 914 45 144 915 45 122 916 139 132 917 140 166 918 280 155 919 270 156 920 269 156 921 269 167 922 281 166 923 280 167 924 281 156 925 269 157 926 271 157 927 271 168 928 282 167 929 281 168 930 282 157 931 271 158 932 272 158 933 272 169 934 283 168 935 282 169 936 283 158 937 272 159 938 273 159 939 273 170 940 284 169 941 283 170 942 284 159 943 273 160 944 274 160 945 274 171 946 285 170 947 284 171 948 285 160 949 274 161 950 275 161 951 275 172 952 286 171 953 285 172 954 286 161 955 275 162 956 276 162 957 276 173 958 287 172 959 286 173 960 287 162 961 276 163 962 277 163 963 277 174 964 288 173 965 287 174 966 288 163 967 277 164 968 278 164 969 278 175 970 289 174 971 288 175 972 289 164 973 278 165 974 279 165 975 279 176 976 290 175 977 289 176 978 290 165 979 279 155 980 270 155 981 270 166 982 280 176 983 290 100 984 291 166 985 302 167 986 303 167 987 303 101 988 292 100 989 291 101 990 292 167 991 303 168 992 304 168 993 304 102 994 293 101 995 292 102 996 293 168 997 304 169 998 305 169 999 305 103 1000 294 102 1001 293 103 1002 294 169 1003 305 170 1004 306 170 1005 306 104 1006 295 103 1007 294 104 1008 295 170 1009 306 171 1010 307 171 1011 307 105 1012 296 104 1013 295 105 1014 296 171 1015 307 172 1016 308 172 1017 308 106 1018 297 105 1019 296 106 1020 297 172 1021 308 173 1022 309 173 1023 309 107 1024 298 106 1025 297 107 1026 298 173 1027 309 174 1028 310 174 1029 310 108 1030 299 107 1031 298 108 1032 299 174 1033 310 175 1034 311 175 1035 311 109 1036 300 108 1037 299 109 1038 300 175 1039 311 176 1040 312 176 1041 312 110 1042 301 109 1043 300 110 1044 301 176 1045 312 166 1046 302 166 1047 302 100 1048 291 110 1049 301</p></triangles>
      </mesh>
    </geometry>
    <geometry id="Boat2-lib" name="Boat2Mesh">
      <mesh>
        <source id="Boat2-POSITION">
          <float_array id="Boat2-POSITION-array" count="531">
464.753967 50.751766 63.234535
-218.600632 50.751823 63.234535
-725.485718 -106.866165 63.234524
464.753967 -264.484314 63.234509
-218.600662 -264.484253 63.234509
464.754028 -105.433121 -29.847408
-218.600647 -104.964462 -46.527958
464.753906 39.914387 5.873943
464.754089 3.289223 -17.676105
464.753906 -215.600189 -13.851986
464.754089 -257.742981 5.874199
464.753906 -157.515182 65.084015
464.754028 -53.381706 64.159279
-407.457672 22.927622 63.234535
-581.393250 -23.432922 63.234528
-556.524048 -106.232231 5.873402
-387.562317 -105.598366 -36.536427
-218.600616 -23.301062 -35.774525
-218.600632 31.376394 5.873413
-218.600647 -243.415115 5.873383
-218.600632 -185.229385 -35.847454
-581.393188 -188.721771 63.575611
-407.457703 -233.504700 63.916702
236.968994 50.751774 63.234535
9.184219 50.751804 63.234535
9.184235 -104.901199 -50.092350
236.969177 -105.496376 -47.072361
9.184204 -264.484222 63.234509
236.969116 -264.484283 63.234509
464.753845 -107.290260 5.873920
-402.483856 -14.393949 5.873104
-402.483887 -195.462189 5.873100
236.968994 37.652924 5.873669
9.184189 33.637817 5.873463
236.969086 -3.741409 -31.924114
9.184250 -16.270441 -36.926044
236.968964 -207.863098 -29.110332
9.184174 -192.966415 -35.988628
236.969055 -254.076218 5.873848
9.184250 -247.081924 5.873505
454.488831 42.020714 59.024361
454.488831 -56.329865 59.025681
454.488831 -154.680435 59.027000
454.488831 -255.709183 59.024334
239.353668 -255.709152 59.024334
24.218460 -255.709137 59.024334
-190.916687 -255.709122 59.024334
-369.285889 -226.449982 59.025318
-533.562073 -184.154007 59.024830
-669.652649 -106.844116 59.024345
-533.562134 -28.044245 59.024353
-369.285828 15.741745 59.024357
-190.916656 42.020771 59.024361
24.218475 42.020752 59.024361
239.353577 42.020733 59.024361
432.808716 28.317101 59.019287
432.808716 -63.932419 59.020607
432.808716 -156.181946 59.021927
432.808716 -250.943512 59.019260
262.997864 -250.943497 59.019260
93.186951 -250.943481 59.019260
-76.623909 -250.943466 59.019260
-217.414581 -223.499405 59.020245
-347.081299 -183.827194 59.019756
-454.500519 -111.313118 59.019276
-347.081360 -37.401451 59.019279
-217.414520 3.668317 59.019283
-76.623886 28.317144 59.019287
93.186966 28.317129 59.019287
262.997772 28.317116 59.019287
411.964905 16.637589 95.188965
411.964905 -67.830200 95.874908
411.964905 -152.297958 96.560852
411.964905 -239.065872 95.188942
262.910553 -239.065857 95.188942
93.099640 -239.065842 95.188942
-76.711212 -239.065826 95.188942
-204.820389 -213.936813 95.694977
-306.398010 -177.611191 95.441963
-390.547546 -111.214081 95.188957
-306.398102 -43.537270 95.188965
-217.501816 -5.931933 95.188965
-76.711189 16.637630 95.188965
93.099655 16.637615 95.188965
262.910461 16.637602 95.188965
387.311707 11.995886 110.906219
387.311707 -69.383835 111.592163
387.311707 -150.763550 112.278107
387.311707 -234.359299 110.906204
248.454071 -234.359283 110.906204
90.259796 -234.359268 110.906204
-67.934418 -234.359268 110.906204
-187.279724 -210.148911 111.412231
-281.908508 -175.151337 111.159225
-360.301392 -111.181656 110.906212
-281.908569 -45.979038 110.906219
-199.093643 -9.748521 110.906219
-67.934395 11.995926 110.906219
90.259811 11.995912 110.906219
248.454010 11.995898 110.906219
233.788513 -216.034882 164.633881
100.259186 -216.034866 164.635330
-33.270073 -216.034866 164.638321
-134.007614 -195.402161 164.639572
-213.882294 -165.576294 164.643295
-280.052551 -111.059563 164.659973
-213.882324 -55.492134 164.642685
-143.979553 -24.615520 164.638336
-33.270058 -6.084315 164.638336
100.259216 -6.084327 164.635345
233.788544 -6.084338 164.633896
152.217468 -187.916382 237.992096
83.698792 -187.916367 237.992096
15.180084 -187.916367 237.992096
-36.511986 -173.196686 238.479279
-77.498573 -151.918411 238.235703
-111.452911 -113.025337 237.992096
-77.498589 -73.382607 237.992111
-41.628937 -51.354717 237.992111
15.180099 -38.134262 237.992111
83.698807 -38.134270 237.992111
152.217499 -38.134274 237.992111
186.114258 -177.260071 261.320099
117.595520 -177.260071 261.320099
49.076828 -177.260056 261.320099
-2.615234 -164.625565 261.807281
-43.601814 -146.361633 261.563690
-77.556137 -112.978203 261.320099
-43.601807 -78.951363 261.320099
-7.732162 -60.043991 261.320099
49.076843 -48.696381 261.320099
117.595551 -48.696384 261.320099
186.114288 -48.696392 261.320099
239.907684 1.459628 141.055405
96.152283 1.341566 141.393265
-45.321678 0.201585 144.125534
-168.742096 -17.935860 141.001831
-242.868927 -51.438526 141.308563
-310.791779 -111.106316 141.878250
-240.558716 -169.331131 141.822540
-155.434875 -201.333633 141.753967
-47.103851 -223.347702 142.525314
96.180283 -223.509613 141.538315
239.900818 -223.672119 141.079712
175.621796 -157.568604 280.052460
121.701508 -157.568604 280.052460
67.781250 -157.568588 280.052460
27.102600 -148.787277 280.539642
-5.151505 -136.093323 280.296051
-31.871620 -112.890915 280.052460
-5.151520 -89.241348 280.052460
23.075821 -76.100174 280.052460
67.781265 -68.213272 280.052460
121.701508 -68.213272 280.052460
175.621796 -68.213280 280.052460
180.412170 -214.223679 181.600388
84.000153 -214.223663 181.601776
-12.411880 -214.223663 181.604660
-85.147308 -194.359665 181.605865
-142.819183 -165.645081 181.609451
-190.596008 -113.159546 181.625504
-142.819168 -59.662453 181.608856
-92.347343 -29.936234 181.604675
-12.411865 -12.095470 181.604675
84.000168 -12.095478 181.601791
180.412201 -12.095487 181.600403
231.847412 -214.222198 181.596527
103.293152 -214.222198 181.597916
-25.261093 -214.222183 181.600800
-122.245331 -194.358185 181.602005
-199.144043 -165.643570 181.605591
-262.848907 -113.158020 181.621643
-199.144073 -59.660946 181.604996
-131.845749 -29.934742 181.600815
-25.261078 -12.093980 181.600815
103.293182 -12.093991 181.597931
231.847443 -12.094003 181.596542
</float_array>
          <technique_common>
            <accessor source="#Boat2-POSITION-array" count="177" stride="3">
              <param name="X" type="float"/>
              <param name="Y" type="float"/>
              <param name="Z" type="float"/>
            </accessor>
          </technique_common>
        </source>
        <source id="Boat2-Normal0">
          <float_array id="Boat2-Normal0-array" count="3150">
0.513324 0.606016 0.607654
0.524132 0.004657 0.851624
0.631742 0.648945 -0.423996
0.704954 -0.014525 -0.709105
0.678950 0.254257 -0.688753
0.686603 -0.223598 -0.691795
0.521151 -0.582028 0.624215
0.610123 -0.641572 -0.464903
0.495160 0.002691 0.868798
0.631742 0.648945 -0.423996
0.524132 0.004657 0.851624
1.000000 -0.000000 0.000002
0.686603 -0.223598 -0.691795
0.678950 0.254257 -0.688753
1.000000 -0.000000 0.000002
0.495160 0.002691 0.868798
0.610123 -0.641572 -0.464903
1.000000 -0.000000 0.000002
0.631742 0.648945 -0.423996
1.000000 -0.000000 0.000002
0.678950 0.254257 -0.688753
0.686603 -0.223598 -0.691795
1.000000 -0.000000 0.000002
0.610123 -0.641572 -0.464903
0.495160 0.002691 0.868798
1.000000 -0.000000 0.000002
0.524132 0.004657 0.851624
-0.032830 0.723149 0.689911
-0.079447 0.809318 -0.581974
-0.193615 0.792498 0.578325
-0.990332 -0.004251 0.138650
-0.435485 0.823077 0.364549
-0.309382 -0.003165 -0.950933
-0.036030 0.000455 -0.999351
-0.196905 -0.002850 -0.980418
-0.067390 0.392311 -0.917361
-0.193615 0.792498 0.578325
-0.079447 0.809318 -0.581974
-0.218833 0.618143 -0.754991
-0.309382 -0.003165 -0.950933
-0.435485 0.823077 0.364549
-0.218833 0.618143 -0.754991
-0.067390 0.392311 -0.917361
-0.196905 -0.002850 -0.980418
-0.218833 0.618143 -0.754991
-0.193615 0.792498 0.578325
-0.218833 0.618143 -0.754991
-0.435485 0.823077 0.364549
-0.309382 -0.003165 -0.950933
-0.218833 0.618143 -0.754991
-0.196905 -0.002850 -0.980418
-0.067390 0.392311 -0.917361
-0.218833 0.618143 -0.754991
-0.079447 0.809318 -0.581974
-0.045802 -0.734968 0.676553
-0.193607 -0.778137 0.597510
-0.090349 -0.793407 -0.601949
-0.036030 0.000455 -0.999351
-0.070674 -0.378806 -0.922774
-0.196905 -0.002850 -0.980418
-0.990332 -0.004251 0.138650
-0.309382 -0.003165 -0.950933
-0.424211 -0.825530 0.372217
-0.090349 -0.793407 -0.601949
-0.193607 -0.778137 0.597510
-0.217198 -0.617215 -0.756221
-0.196905 -0.002850 -0.980418
-0.070674 -0.378806 -0.922774
-0.217198 -0.617215 -0.756221
-0.424211 -0.825530 0.372217
-0.309382 -0.003165 -0.950933
-0.217198 -0.617215 -0.756221
-0.090349 -0.793407 -0.601949
-0.217198 -0.617215 -0.756221
-0.070674 -0.378806 -0.922774
-0.196905 -0.002850 -0.980418
-0.217198 -0.617215 -0.756221
-0.309382 -0.003165 -0.950933
-0.424211 -0.825530 0.372217
-0.217198 -0.617215 -0.756221
-0.193607 -0.778137 0.597510
-0.011682 0.864184 -0.503040
0.012776 0.425384 -0.904923
-0.009486 0.412763 -0.910789
-0.009486 0.412763 -0.910789
-0.011567 0.838394 -0.544942
-0.011682 0.864184 -0.503040
0.513324 0.606016 0.607654
0.631742 0.648945 -0.423996
-0.011682 0.864184 -0.503040
-0.011682 0.864184 -0.503040
-0.008335 0.625364 0.780289
0.513324 0.606016 0.607654
-0.079447 0.809318 -0.581974
-0.032830 0.723149 0.689911
-0.004932 0.649685 0.760188
-0.004932 0.649685 0.760188
-0.011567 0.838394 -0.544942
-0.079447 0.809318 -0.581974
-0.036030 0.000455 -0.999351
-0.067390 0.392311 -0.917361
-0.009486 0.412763 -0.910789
-0.009486 0.412763 -0.910789
0.000687 -0.004057 -0.999992
-0.036030 0.000455 -0.999351
0.678950 0.254257 -0.688753
0.704954 -0.014525 -0.709105
0.042210 -0.014699 -0.999001
0.042210 -0.014699 -0.999001
0.012776 0.425384 -0.904923
0.678950 0.254257 -0.688753
-0.008335 0.625364 0.780289
-0.011682 0.864184 -0.503040
-0.011567 0.838394 -0.544942
-0.011567 0.838394 -0.544942
-0.004932 0.649685 0.760188
-0.008335 0.625364 0.780289
-0.067390 0.392311 -0.917361
-0.079447 0.809318 -0.581974
-0.011567 0.838394 -0.544942
-0.011567 0.838394 -0.544942
-0.009486 0.412763 -0.910789
-0.067390 0.392311 -0.917361
0.000687 -0.004057 -0.999992
-0.009486 0.412763 -0.910789
0.012776 0.425384 -0.904923
0.012776 0.425384 -0.904923
0.042210 -0.014699 -0.999001
0.000687 -0.004057 -0.999992
0.631742 0.648945 -0.423996
0.678950 0.254257 -0.688753
0.012776 0.425384 -0.904923
0.012776 0.425384 -0.904923
-0.011682 0.864184 -0.503040
0.631742 0.648945 -0.423996
0.026569 -0.398785 -0.916660
-0.002884 -0.846362 -0.532600
-0.015261 -0.821211 -0.570421
-0.015261 -0.821211 -0.570421
-0.004770 -0.393686 -0.919233
0.026569 -0.398785 -0.916660
0.704954 -0.014525 -0.709105
0.686603 -0.223598 -0.691795
0.026569 -0.398785 -0.916660
0.026569 -0.398785 -0.916660
0.042210 -0.014699 -0.999001
0.704954 -0.014525 -0.709105
-0.070674 -0.378806 -0.922774
-0.036030 0.000455 -0.999351
0.000687 -0.004057 -0.999992
0.000687 -0.004057 -0.999992
-0.004770 -0.393686 -0.919233
-0.070674 -0.378806 -0.922774
-0.045802 -0.734968 0.676553
-0.090349 -0.793407 -0.601949
-0.015261 -0.821211 -0.570421
-0.015261 -0.821211 -0.570421
-0.015186 -0.647410 0.761990
-0.045802 -0.734968 0.676553
0.610123 -0.641572 -0.464903
0.521151 -0.582028 0.624215
-0.007299 -0.604349 0.796686
-0.007299 -0.604349 0.796686
-0.002884 -0.846362 -0.532600
0.610123 -0.641572 -0.464903
0.042210 -0.014699 -0.999001
0.026569 -0.398785 -0.916660
-0.004770 -0.393686 -0.919233
-0.004770 -0.393686 -0.919233
0.000687 -0.004057 -0.999992
0.042210 -0.014699 -0.999001
-0.090349 -0.793407 -0.601949
-0.070674 -0.378806 -0.922774
-0.004770 -0.393686 -0.919233
-0.004770 -0.393686 -0.919233
-0.015261 -0.821211 -0.570421
-0.090349 -0.793407 -0.601949
-0.015186 -0.647410 0.761990
-0.015261 -0.821211 -0.570421
-0.002884 -0.846362 -0.532600
-0.002884 -0.846362 -0.532600
-0.007299 -0.604349 0.796686
-0.015186 -0.647410 0.761990
0.686603 -0.223598 -0.691795
0.610123 -0.641572 -0.464903
-0.002884 -0.846362 -0.532600
-0.002884 -0.846362 -0.532600
0.026569 -0.398785 -0.916660
0.686603 -0.223598 -0.691795
0.423372 -0.280416 0.861466
0.423057 0.282284 0.861010
0.000000 0.373190 0.927755
0.000000 0.373190 0.927755
-0.022882 0.378738 0.925221
-0.089506 0.348690 0.932954
-0.089506 0.348690 0.932954
-0.158387 0.274377 0.948489
-0.282963 0.014611 0.959019
0.000000 0.373190 0.927755
-0.089506 0.348690 0.932954
-0.282963 0.014611 0.959019
-0.282963 0.014611 0.959019
-0.153712 -0.280857 0.947360
-0.087193 -0.323459 0.942216
-0.087193 -0.323459 0.942216
-0.024038 -0.402156 0.915255
0.000247 -0.371153 0.928572
-0.282963 0.014611 0.959019
-0.087193 -0.323459 0.942216
0.000247 -0.371153 0.928572
0.000000 0.373190 0.927755
-0.282963 0.014611 0.959019
0.000247 -0.371153 0.928572
0.423372 -0.280416 0.861466
0.000000 0.373190 0.927755
0.000247 -0.371153 0.928572
0.513324 0.606016 0.607654
-0.191848 -0.234041 0.953110
-0.445800 0.003079 0.895127
-0.445800 0.003079 0.895127
0.524132 0.004657 0.851624
0.513324 0.606016 0.607654
0.524132 0.004657 0.851624
-0.445800 0.003079 0.895127
-0.505194 0.004114 0.862996
-0.505194 0.004114 0.862996
0.495160 0.002691 0.868798
0.524132 0.004657 0.851624
0.495160 0.002691 0.868798
-0.505194 0.004114 0.862996
-0.201880 0.226026 0.952973
-0.201880 0.226026 0.952973
0.521151 -0.582028 0.624215
0.495160 0.002691 0.868798
0.521151 -0.582028 0.624215
-0.201880 0.226026 0.952973
0.000000 0.432573 0.901599
0.000000 0.432573 0.901599
-0.007299 -0.604349 0.796686
0.521151 -0.582028 0.624215
-0.007299 -0.604349 0.796686
0.000000 0.432573 0.901599
0.000000 0.432575 0.901598
0.000000 0.432575 0.901598
-0.015186 -0.647410 0.761990
-0.007299 -0.604349 0.796686
-0.015186 -0.647410 0.761990
0.000000 0.432575 0.901598
0.007353 0.413610 0.910424
0.007353 0.413610 0.910424
-0.045802 -0.734968 0.676553
-0.015186 -0.647410 0.761990
-0.045802 -0.734968 0.676553
0.007353 0.413610 0.910424
0.060035 0.326625 0.943245
0.060035 0.326625 0.943245
-0.193607 -0.778137 0.597510
-0.045802 -0.734968 0.676553
-0.193607 -0.778137 0.597510
0.060035 0.326625 0.943245
0.069099 0.243047 0.967550
0.069099 0.243047 0.967550
-0.424211 -0.825530 0.372217
-0.193607 -0.778137 0.597510
-0.424211 -0.825530 0.372217
0.069099 0.243047 0.967550
0.075462 0.003654 0.997142
0.075462 0.003654 0.997142
-0.990332 -0.004251 0.138650
-0.424211 -0.825530 0.372217
-0.990332 -0.004251 0.138650
0.075462 0.003654 0.997142
0.064949 -0.215831 0.974268
0.064949 -0.215831 0.974268
-0.435485 0.823077 0.364549
-0.990332 -0.004251 0.138650
-0.435485 0.823077 0.364549
0.064949 -0.215831 0.974268
0.048334 -0.301214 0.952331
0.048334 -0.301214 0.952331
-0.193615 0.792498 0.578325
-0.435485 0.823077 0.364549
-0.193615 0.792498 0.578325
0.048334 -0.301214 0.952331
0.006635 -0.417189 0.908796
0.006635 -0.417189 0.908796
-0.032830 0.723149 0.689911
-0.193615 0.792498 0.578325
-0.032830 0.723149 0.689911
0.006635 -0.417189 0.908796
-0.000000 -0.434346 0.900746
-0.000000 -0.434346 0.900746
-0.004932 0.649685 0.760188
-0.032830 0.723149 0.689911
-0.004932 0.649685 0.760188
-0.000000 -0.434346 0.900746
-0.000000 -0.434347 0.900746
-0.000000 -0.434347 0.900746
-0.008335 0.625364 0.780289
-0.004932 0.649685 0.760188
-0.008335 0.625364 0.780289
-0.000000 -0.434347 0.900746
-0.191848 -0.234041 0.953110
-0.191848 -0.234041 0.953110
0.513324 0.606016 0.607654
-0.008335 0.625364 0.780289
-0.000155 -0.000124 1.000000
-0.000110 -0.000196 1.000000
-0.000239 0.000014 1.000000
-0.000239 0.000014 1.000000
-0.000239 0.000014 1.000000
-0.000155 -0.000124 1.000000
-0.000239 0.000014 1.000000
-0.000239 0.000014 1.000000
-0.000234 -0.000008 1.000000
-0.000234 -0.000008 1.000000
-0.000234 -0.000006 1.000000
-0.000239 0.000014 1.000000
-0.000234 -0.000006 1.000000
-0.000234 -0.000008 1.000000
-0.000091 0.000651 1.000000
-0.000091 0.000651 1.000000
-0.000207 0.000124 1.000000
-0.000234 -0.000006 1.000000
-0.000207 0.000124 1.000000
-0.000091 0.000651 1.000000
0.000000 0.001065 0.999999
0.000000 0.001065 0.999999
0.000000 0.001065 0.999999
-0.000207 0.000124 1.000000
0.000000 0.001065 0.999999
0.000000 0.001065 0.999999
0.000000 0.001065 0.999999
0.000000 0.001065 0.999999
0.000000 0.001065 0.999999
0.000000 0.001065 0.999999
0.000000 0.001065 0.999999
0.000000 0.001065 0.999999
0.000003 0.001001 1.000000
0.000003 0.001001 1.000000
0.000035 0.000169 1.000000
0.000000 0.001065 0.999999
0.000035 0.000169 1.000000
0.000003 0.001001 1.000000
0.000032 0.000150 1.000000
0.000032 0.000150 1.000000
0.000029 0.000118 1.000000
0.000035 0.000169 1.000000
0.000029 0.000118 1.000000
0.000032 0.000150 1.000000
0.000029 0.000103 1.000000
0.000029 0.000103 1.000000
0.000025 0.000055 1.000000
0.000029 0.000118 1.000000
0.000025 0.000055 1.000000
0.000029 0.000103 1.000000
0.000025 0.000008 1.000000
0.000025 0.000008 1.000000
0.000024 0.000003 1.000000
0.000025 0.000055 1.000000
0.000024 0.000003 1.000000
0.000025 0.000008 1.000000
0.000024 -0.000067 1.000000
0.000024 -0.000067 1.000000
0.000025 -0.000048 1.000000
0.000024 0.000003 1.000000
0.000025 -0.000048 1.000000
0.000024 -0.000067 1.000000
0.000023 -0.000126 1.000000
0.000023 -0.000126 1.000000
0.000026 -0.000100 1.000000
0.000025 -0.000048 1.000000
0.000026 -0.000100 1.000000
0.000023 -0.000126 1.000000
0.000002 -0.000351 1.000000
0.000002 -0.000351 1.000000
0.000023 -0.000174 1.000000
0.000026 -0.000100 1.000000
0.000023 -0.000174 1.000000
0.000002 -0.000351 1.000000
-0.000000 -0.000370 1.000000
-0.000000 -0.000370 1.000000
-0.000000 -0.000370 1.000000
0.000023 -0.000174 1.000000
-0.000000 -0.000370 1.000000
-0.000000 -0.000370 1.000000
-0.000000 -0.000370 1.000000
-0.000000 -0.000370 1.000000
-0.000000 -0.000370 1.000000
-0.000000 -0.000370 1.000000
-0.000000 -0.000370 1.000000
-0.000000 -0.000370 1.000000
-0.000110 -0.000196 1.000000
-0.000110 -0.000196 1.000000
-0.000155 -0.000124 1.000000
-0.000000 -0.000370 1.000000
0.623533 0.565527 0.539801
0.519807 0.562469 0.642985
0.724954 0.004947 0.688780
0.724954 0.004947 0.688780
0.870926 0.001312 0.491413
0.623533 0.565527 0.539801
0.870926 0.001312 0.491413
0.724954 0.004947 0.688780
0.726664 -0.003530 0.686984
0.726664 -0.003530 0.686984
0.872984 -0.002921 0.487739
0.870926 0.001312 0.491413
0.872984 -0.002921 0.487739
0.726664 -0.003530 0.686984
0.520910 -0.561639 0.642818
0.520910 -0.561639 0.642818
0.621779 -0.563914 0.543500
0.872984 -0.002921 0.487739
0.621779 -0.563914 0.543500
0.520910 -0.561639 0.642818
-0.000000 -0.954110 0.299457
-0.000000 -0.954110 0.299457
-0.000000 -0.950084 0.311995
0.621779 -0.563914 0.543500
-0.000000 -0.950084 0.311995
-0.000000 -0.954110 0.299457
-0.000000 -0.954110 0.299457
-0.000000 -0.954110 0.299457
-0.000000 -0.950084 0.311995
-0.000000 -0.950084 0.311995
-0.000000 -0.950084 0.311995
-0.000000 -0.954110 0.299457
-0.105833 -0.938568 0.328466
-0.105833 -0.938568 0.328466
-0.089514 -0.946340 0.310529
-0.000000 -0.950084 0.311995
-0.089514 -0.946340 0.310529
-0.105833 -0.938568 0.328466
-0.253249 -0.876134 0.410187
-0.253249 -0.876134 0.410187
-0.254694 -0.905497 0.339419
-0.089514 -0.946340 0.310529
-0.254694 -0.905497 0.339419
-0.253249 -0.876134 0.410187
-0.369577 -0.705730 0.604449
-0.369577 -0.705730 0.604449
-0.409148 -0.682684 0.605425
-0.254694 -0.905497 0.339419
-0.409148 -0.682684 0.605425
-0.369577 -0.705730 0.604449
-0.494049 -0.032342 0.868832
-0.494049 -0.032342 0.868832
-0.508910 -0.008930 0.860774
-0.409148 -0.682684 0.605425
-0.508910 -0.008930 0.860774
-0.494049 -0.032342 0.868832
-0.386436 0.669432 0.634451
-0.386436 0.669432 0.634451
-0.416863 0.710397 0.567065
-0.508910 -0.008930 0.860774
-0.416863 0.710397 0.567065
-0.386436 0.669432 0.634451
-0.258053 0.879665 0.399498
-0.258053 0.879665 0.399498
-0.221635 0.941485 0.253938
-0.416863 0.710397 0.567065
-0.221635 0.941485 0.253938
-0.258053 0.879665 0.399498
-0.089678 0.944383 0.316384
-0.089678 0.944383 0.316384
-0.080923 0.948553 0.306101
-0.221635 0.941485 0.253938
-0.080923 0.948553 0.306101
-0.089678 0.944383 0.316384
0.000000 0.955410 0.295282
0.000000 0.955410 0.295282
0.000000 0.951617 0.307286
-0.080923 0.948553 0.306101
0.000000 0.951617 0.307286
0.000000 0.955410 0.295282
0.000000 0.955410 0.295282
0.000000 0.955410 0.295282
0.000000 0.951617 0.307286
0.000000 0.951617 0.307286
0.000000 0.951617 0.307286
0.000000 0.955410 0.295282
0.519807 0.562469 0.642985
0.519807 0.562469 0.642985
0.623533 0.565527 0.539801
0.000000 0.951617 0.307286
0.519807 0.562469 0.642985
0.202396 0.538923 0.817678
0.275472 0.003662 0.961302
0.275472 0.003662 0.961302
0.724954 0.004947 0.688780
0.519807 0.562469 0.642985
0.724954 0.004947 0.688780
0.275472 0.003662 0.961302
-0.478053 -0.003238 0.878325
-0.478053 -0.003238 0.878325
0.726664 -0.003530 0.686984
0.724954 0.004947 0.688780
0.726664 -0.003530 0.686984
-0.478053 -0.003238 0.878325
0.199065 -0.537277 0.819577
0.199065 -0.537277 0.819577
0.520910 -0.561639 0.642818
0.726664 -0.003530 0.686984
0.520910 -0.561639 0.642818
0.199065 -0.537277 0.819577
0.218259 -0.774976 0.593106
0.218259 -0.774976 0.593106
-0.000000 -0.954110 0.299457
0.520910 -0.561639 0.642818
-0.000000 -0.954110 0.299457
0.218259 -0.774976 0.593106
0.000297 -0.950665 0.310220
0.000297 -0.950665 0.310220
-0.000000 -0.954110 0.299457
-0.000000 -0.954110 0.299457
-0.000000 -0.954110 0.299457
0.000297 -0.950665 0.310220
-0.093445 -0.928662 0.358965
-0.093445 -0.928662 0.358965
-0.105833 -0.938568 0.328466
-0.000000 -0.954110 0.299457
-0.105833 -0.938568 0.328466
-0.093445 -0.928662 0.358965
-0.235643 -0.846320 0.477718
-0.235643 -0.846320 0.477718
-0.253249 -0.876134 0.410187
-0.105833 -0.938568 0.328466
-0.253249 -0.876134 0.410187
-0.235643 -0.846320 0.477718
-0.366474 -0.671412 0.644130
-0.366474 -0.671412 0.644130
-0.369577 -0.705730 0.604449
-0.253249 -0.876134 0.410187
-0.369577 -0.705730 0.604449
-0.366474 -0.671412 0.644130
-0.481098 -0.008601 0.876625
-0.481098 -0.008601 0.876625
-0.494049 -0.032342 0.868832
-0.369577 -0.705730 0.604449
-0.494049 -0.032342 0.868832
-0.481098 -0.008601 0.876625
-0.387414 0.642334 0.661300
-0.387414 0.642334 0.661300
-0.386436 0.669432 0.634451
-0.494049 -0.032342 0.868832
-0.386436 0.669432 0.634451
-0.387414 0.642334 0.661300
-0.242206 0.842745 0.480746
-0.242206 0.842745 0.480746
-0.258053 0.879665 0.399498
-0.386436 0.669432 0.634451
-0.258053 0.879665 0.399498
-0.242206 0.842745 0.480746
-0.074660 0.933860 0.349759
-0.074660 0.933860 0.349759
-0.089678 0.944383 0.316384
-0.258053 0.879665 0.399498
-0.089678 0.944383 0.316384
-0.074660 0.933860 0.349759
-0.000293 0.951741 0.306903
-0.000293 0.951741 0.306903
0.000000 0.955410 0.295282
-0.089678 0.944383 0.316384
0.000000 0.955410 0.295282
-0.000293 0.951741 0.306903
0.218412 0.776806 0.590652
0.218412 0.776806 0.590652
0.000000 0.955410 0.295282
0.000000 0.955410 0.295282
0.000000 0.955410 0.295282
0.218412 0.776806 0.590652
0.202396 0.538923 0.817678
0.202396 0.538923 0.817678
0.519807 0.562469 0.642985
0.000000 0.955410 0.295282
0.218412 0.776806 0.590652
0.218259 -0.774976 0.593106
0.199065 -0.537277 0.819577
0.199065 -0.537277 0.819577
-0.478053 -0.003238 0.878325
0.275472 0.003662 0.961302
0.218412 0.776806 0.590652
0.199065 -0.537277 0.819577
0.275472 0.003662 0.961302
0.218412 0.776806 0.590652
0.275472 0.003662 0.961302
0.202396 0.538923 0.817678
0.000297 -0.950665 0.310220
0.218259 -0.774976 0.593106
0.655161 -0.641769 0.398618
0.655161 -0.641769 0.398618
0.000305 -0.947062 0.321051
0.000297 -0.950665 0.310220
0.000297 -0.950665 0.310220
0.000305 -0.947062 0.321051
-0.091300 -0.923763 0.371922
-0.091300 -0.923763 0.371922
-0.093445 -0.928662 0.358965
0.000297 -0.950665 0.310220
-0.093445 -0.928662 0.358965
-0.091300 -0.923763 0.371922
-0.240727 -0.849158 0.470086
-0.240727 -0.849158 0.470086
-0.235643 -0.846320 0.477718
-0.093445 -0.928662 0.358965
-0.235643 -0.846320 0.477718
-0.240727 -0.849158 0.470086
-0.387411 -0.692798 0.608230
-0.387411 -0.692798 0.608230
-0.366474 -0.671412 0.644130
-0.235643 -0.846320 0.477718
-0.366474 -0.671412 0.644130
-0.387411 -0.692798 0.608230
-0.551951 -0.004647 0.833864
-0.551951 -0.004647 0.833864
-0.481098 -0.008601 0.876625
-0.366474 -0.671412 0.644130
-0.387414 0.642334 0.661300
-0.481098 -0.008601 0.876625
-0.551951 -0.004647 0.833864
-0.551951 -0.004647 0.833864
-0.408020 0.663319 0.627318
-0.387414 0.642334 0.661300
-0.242206 0.842745 0.480746
-0.387414 0.642334 0.661300
-0.408020 0.663319 0.627318
-0.408020 0.663319 0.627318
-0.245298 0.839222 0.485319
-0.242206 0.842745 0.480746
-0.074660 0.933860 0.349759
-0.242206 0.842745 0.480746
-0.245298 0.839222 0.485319
-0.245298 0.839222 0.485319
-0.073816 0.931829 0.355312
-0.074660 0.933860 0.349759
-0.000293 0.951741 0.306903
-0.074660 0.933860 0.349759
-0.073816 0.931829 0.355312
-0.073816 0.931829 0.355312
-0.000329 0.948419 0.317018
-0.000293 0.951741 0.306903
-0.000293 0.951741 0.306903
-0.000329 0.948419 0.317018
0.655442 0.642992 0.396178
0.655442 0.642992 0.396178
0.218412 0.776806 0.590652
-0.000293 0.951741 0.306903
0.218259 -0.774976 0.593106
0.218412 0.776806 0.590652
0.655442 0.642992 0.396178
0.655442 0.642992 0.396178
0.655161 -0.641769 0.398618
0.218259 -0.774976 0.593106
0.587505 -0.579990 0.564314
0.494156 -0.804223 0.330206
0.000001 -0.907920 0.419143
0.000001 -0.907920 0.419143
0.000006 -0.906232 0.422780
0.587505 -0.579990 0.564314
0.000006 -0.906232 0.422780
0.000001 -0.907920 0.419143
-0.121726 -0.849744 0.512951
-0.121726 -0.849744 0.512951
-0.142878 -0.867575 0.476339
0.000006 -0.906232 0.422780
-0.142878 -0.867575 0.476339
-0.121726 -0.849744 0.512951
-0.289429 -0.749621 0.595230
-0.289429 -0.749621 0.595230
-0.320353 -0.761408 0.563589
-0.142878 -0.867575 0.476339
-0.320353 -0.761408 0.563589
-0.289429 -0.749621 0.595230
-0.436980 -0.581527 0.686203
-0.436980 -0.581527 0.686203
-0.472136 -0.553064 0.686446
-0.320353 -0.761408 0.563589
-0.472136 -0.553064 0.686446
-0.436980 -0.581527 0.686203
-0.574519 -0.003467 0.818484
-0.574519 -0.003467 0.818484
-0.582489 -0.003597 0.812830
-0.472136 -0.553064 0.686446
-0.582489 -0.003597 0.812830
-0.574519 -0.003467 0.818484
-0.446051 0.538459 0.714913
-0.446051 0.538459 0.714913
-0.484639 0.537811 0.689844
-0.582489 -0.003597 0.812830
-0.484639 0.537811 0.689844
-0.446051 0.538459 0.714913
-0.292127 0.725956 0.622616
-0.292127 0.725956 0.622616
-0.335425 0.741072 0.581637
-0.484639 0.537811 0.689844
-0.335425 0.741072 0.581637
-0.292127 0.725956 0.622616
-0.107834 0.853110 0.510466
-0.107834 0.853110 0.510466
-0.118777 0.878053 0.463589
-0.335425 0.741072 0.581637
-0.118777 0.878053 0.463589
-0.107834 0.853110 0.510466
0.000002 0.909435 0.415846
0.000002 0.909435 0.415846
0.000008 0.907883 0.419223
-0.118777 0.878053 0.463589
0.000008 0.907883 0.419223
0.000002 0.909435 0.415846
0.493784 0.805851 0.326776
0.493784 0.805851 0.326776
0.588957 0.580339 0.562437
0.000008 0.907883 0.419223
0.588957 0.580339 0.562437
0.493784 0.805851 0.326776
0.494156 -0.804223 0.330206
0.494156 -0.804223 0.330206
0.587505 -0.579990 0.564314
0.588957 0.580339 0.562437
0.494156 -0.804223 0.330206
0.778089 -0.627872 0.018812
-0.000000 -0.814212 0.580568
-0.000000 -0.814212 0.580568
0.000001 -0.907920 0.419143
0.494156 -0.804223 0.330206
0.000001 -0.907920 0.419143
-0.000000 -0.814212 0.580568
-0.066893 -0.784672 0.616291
-0.066893 -0.784672 0.616291
-0.121726 -0.849744 0.512951
0.000001 -0.907920 0.419143
-0.121726 -0.849744 0.512951
-0.066893 -0.784672 0.616291
-0.221120 -0.665593 0.712806
-0.221120 -0.665593 0.712806
-0.289429 -0.749621 0.595230
-0.121726 -0.849744 0.512951
-0.289429 -0.749621 0.595230
-0.221120 -0.665593 0.712806
-0.347905 -0.520351 0.779870
-0.347905 -0.520351 0.779870
-0.436980 -0.581527 0.686203
-0.289429 -0.749621 0.595230
-0.436980 -0.581527 0.686203
-0.347905 -0.520351 0.779870
-0.504004 0.019309 0.863485
-0.504004 0.019309 0.863485
-0.574519 -0.003467 0.818484
-0.436980 -0.581527 0.686203
-0.574519 -0.003467 0.818484
-0.504004 0.019309 0.863485
-0.360710 0.504573 0.784407
-0.360710 0.504573 0.784407
-0.446051 0.538459 0.714913
-0.574519 -0.003467 0.818484
-0.446051 0.538459 0.714913
-0.360710 0.504573 0.784407
-0.221280 0.669718 0.708881
-0.221280 0.669718 0.708881
-0.292127 0.725956 0.622616
-0.446051 0.538459 0.714913
-0.292127 0.725956 0.622616
-0.221280 0.669718 0.708881
-0.062720 0.787859 0.612653
-0.062720 0.787859 0.612653
-0.107834 0.853110 0.510466
-0.292127 0.725956 0.622616
-0.107834 0.853110 0.510466
-0.062720 0.787859 0.612653
0.000000 0.816468 0.577390
0.000000 0.816468 0.577390
0.000002 0.909435 0.415846
-0.107834 0.853110 0.510466
0.000002 0.909435 0.415846
0.000000 0.816468 0.577390
0.777921 0.628122 0.017381
0.777921 0.628122 0.017381
0.493784 0.805851 0.326776
0.000002 0.909435 0.415846
0.493784 0.805851 0.326776
0.777921 0.628122 0.017381
0.778089 -0.627872 0.018812
0.778089 -0.627872 0.018812
0.494156 -0.804223 0.330206
0.493784 0.805851 0.326776
0.669945 0.638836 0.378234
0.655442 0.642992 0.396178
-0.000329 0.948419 0.317018
-0.000329 0.948419 0.317018
0.000005 0.952562 0.304345
0.669945 0.638836 0.378234
-0.000329 0.948419 0.317018
-0.073816 0.931829 0.355312
-0.054827 0.944975 0.322516
-0.054827 0.944975 0.322516
0.000005 0.952562 0.304345
-0.000329 0.948419 0.317018
-0.073816 0.931829 0.355312
-0.245298 0.839222 0.485319
-0.201643 0.868210 0.453377
-0.201643 0.868210 0.453377
-0.054827 0.944975 0.322516
-0.073816 0.931829 0.355312
-0.245298 0.839222 0.485319
-0.408020 0.663319 0.627318
-0.382539 0.702811 0.599767
-0.382539 0.702811 0.599767
-0.201643 0.868210 0.453377
-0.245298 0.839222 0.485319
-0.408020 0.663319 0.627318
-0.551951 -0.004647 0.833864
-0.592123 -0.011844 0.805760
-0.592123 -0.011844 0.805760
-0.382539 0.702811 0.599767
-0.408020 0.663319 0.627318
-0.592123 -0.011844 0.805760
-0.551951 -0.004647 0.833864
-0.387411 -0.692798 0.608230
-0.387411 -0.692798 0.608230
-0.363704 -0.752092 0.549616
-0.592123 -0.011844 0.805760
-0.363704 -0.752092 0.549616
-0.387411 -0.692798 0.608230
-0.240727 -0.849158 0.470086
-0.240727 -0.849158 0.470086
-0.221363 -0.873218 0.434152
-0.363704 -0.752092 0.549616
-0.221363 -0.873218 0.434152
-0.240727 -0.849158 0.470086
-0.091300 -0.923763 0.371922
-0.091300 -0.923763 0.371922
-0.062771 -0.935319 0.348192
-0.221363 -0.873218 0.434152
-0.062771 -0.935319 0.348192
-0.091300 -0.923763 0.371922
0.000305 -0.947062 0.321051
0.000305 -0.947062 0.321051
0.000005 -0.951418 0.307901
-0.062771 -0.935319 0.348192
0.000305 -0.947062 0.321051
0.655161 -0.641769 0.398618
0.670367 -0.637057 0.380483
0.670367 -0.637057 0.380483
0.000005 -0.951418 0.307901
0.000305 -0.947062 0.321051
0.670367 -0.637057 0.380483
0.655161 -0.641769 0.398618
0.655442 0.642992 0.396178
0.655442 0.642992 0.396178
0.669945 0.638836 0.378234
0.670367 -0.637057 0.380483
0.778089 -0.627872 0.018812
0.423372 -0.280416 0.861466
0.000247 -0.371153 0.928572
0.000247 -0.371153 0.928572
-0.000000 -0.814212 0.580568
0.778089 -0.627872 0.018812
-0.000000 -0.814212 0.580568
0.000247 -0.371153 0.928572
-0.024038 -0.402156 0.915255
-0.024038 -0.402156 0.915255
-0.066893 -0.784672 0.616291
-0.000000 -0.814212 0.580568
-0.066893 -0.784672 0.616291
-0.024038 -0.402156 0.915255
-0.087193 -0.323459 0.942216
-0.087193 -0.323459 0.942216
-0.221120 -0.665593 0.712806
-0.066893 -0.784672 0.616291
-0.221120 -0.665593 0.712806
-0.087193 -0.323459 0.942216
-0.153712 -0.280857 0.947360
-0.153712 -0.280857 0.947360
-0.347905 -0.520351 0.779870
-0.221120 -0.665593 0.712806
-0.347905 -0.520351 0.779870
-0.153712 -0.280857 0.947360
-0.282963 0.014611 0.959019
-0.282963 0.014611 0.959019
-0.504004 0.019309 0.863485
-0.347905 -0.520351 0.779870
-0.504004 0.019309 0.863485
-0.282963 0.014611 0.959019
-0.158387 0.274377 0.948489
-0.158387 0.274377 0.948489
-0.360710 0.504573 0.784407
-0.504004 0.019309 0.863485
-0.360710 0.504573 0.784407
-0.158387 0.274377 0.948489
-0.089506 0.348690 0.932954
-0.089506 0.348690 0.932954
-0.221280 0.669718 0.708881
-0.360710 0.504573 0.784407
-0.221280 0.669718 0.708881
-0.089506 0.348690 0.932954
-0.022882 0.378738 0.925221
-0.022882 0.378738 0.925221
-0.062720 0.787859 0.612653
-0.221280 0.669718 0.708881
-0.062720 0.787859 0.612653
-0.022882 0.378738 0.925221
0.000000 0.373190 0.927755
0.000000 0.373190 0.927755
0.000000 0.816468 0.577390
-0.062720 0.787859 0.612653
0.000000 0.816468 0.577390
0.000000 0.373190 0.927755
0.423057 0.282284 0.861010
0.423057 0.282284 0.861010
0.777921 0.628122 0.017381
0.000000 0.816468 0.577390
0.777921 0.628122 0.017381
0.423057 0.282284 0.861010
0.423372 -0.280416 0.861466
0.423372 -0.280416 0.861466
0.778089 -0.627872 0.018812
0.777921 0.628122 0.017381
-0.000006 -0.902560 -0.430565
-0.000006 -0.902560 -0.430565
-0.000006 -0.902560 -0.430565
-0.000004 -0.928125 -0.372269
-0.000004 -0.928125 -0.372269
-0.000004 -0.928125 -0.372269
-0.000012 -0.913236 -0.407431
-0.000012 -0.913236 -0.407431
-0.000012 -0.913236 -0.407431
-0.000008 -0.941965 -0.335710
-0.000008 -0.941965 -0.335710
-0.000008 -0.941965 -0.335710
-0.000301 -0.001161 0.999999
-0.000301 -0.001161 0.999999
-0.000301 -0.001161 0.999999
-0.000104 -0.000569 1.000000
-0.000104 -0.000569 1.000000
-0.000104 -0.000569 1.000000
-0.000104 -0.000334 1.000000
-0.000104 -0.000334 1.000000
-0.000104 -0.000334 1.000000
-0.000069 -0.000308 1.000000
-0.000069 -0.000308 1.000000
-0.000069 -0.000308 1.000000
-0.000069 -0.000368 1.000000
-0.000069 -0.000368 1.000000
-0.000069 -0.000368 1.000000
-0.000053 -0.000371 1.000000
-0.000053 -0.000371 1.000000
-0.000053 -0.000371 1.000000
-0.000053 0.000359 1.000000
-0.000053 0.000359 1.000000
-0.000053 0.000359 1.000000
-0.000069 0.000393 1.000000
-0.000069 0.000393 1.000000
-0.000069 0.000393 1.000000
-0.000069 0.000257 1.000000
-0.000069 0.000257 1.000000
-0.000069 0.000257 1.000000
-0.000098 0.000362 1.000000
-0.000098 0.000362 1.000000
-0.000098 0.000362 1.000000
-0.000098 0.000438 1.000000
-0.000098 0.000438 1.000000
-0.000098 0.000438 1.000000
-0.000300 0.001794 0.999998
-0.000300 0.001794 0.999998
-0.000300 0.001794 0.999998
0.000010 0.943589 0.331120
0.000010 0.943589 0.331120
0.000010 0.943589 0.331120
0.000009 0.917246 0.398322
0.000009 0.917245 0.398322
0.000009 0.917245 0.398322
0.000006 0.923466 0.383680
0.000006 0.923466 0.383680
0.000006 0.923466 0.383680
0.000005 0.911789 0.410660
0.000005 0.911789 0.410660
0.000005 0.911789 0.410660
0.000075 -0.000000 1.000000
0.000075 -0.000000 1.000000
0.000075 -0.000000 1.000000
0.000075 -0.000000 1.000000
0.000075 -0.000000 1.000000
0.000075 -0.000000 1.000000
0.000001 -0.994339 0.106258
0.000001 -0.994339 0.106258
0.000001 -0.994339 0.106258
0.000001 -0.994339 0.106258
0.000001 -0.994339 0.106258
0.000001 -0.994339 0.106258
0.000002 -0.994339 0.106257
0.000002 -0.994339 0.106257
0.000002 -0.994339 0.106257
0.000002 -0.994339 0.106258
0.000002 -0.994339 0.106258
0.000002 -0.994339 0.106258
-0.196774 -0.960744 0.195578
-0.196774 -0.960744 0.195578
-0.196774 -0.960744 0.195578
-0.196774 -0.960744 0.195579
-0.196774 -0.960744 0.195579
-0.196774 -0.960744 0.195579
-0.335030 -0.897259 0.287544
-0.335030 -0.897259 0.287544
-0.335030 -0.897259 0.287544
-0.335030 -0.897259 0.287544
-0.335030 -0.897259 0.287544
-0.335030 -0.897259 0.287544
-0.557238 -0.676500 0.481491
-0.557238 -0.676500 0.481491
-0.557238 -0.676500 0.481491
-0.557237 -0.676500 0.481492
-0.557237 -0.676500 0.481492
-0.557237 -0.676500 0.481492
-0.515143 0.613624 0.598409
-0.515143 0.613624 0.598408
-0.515143 0.613624 0.598409
-0.515143 0.613624 0.598409
-0.515143 0.613624 0.598409
-0.515143 0.613624 0.598409
-0.350115 0.792709 0.499032
-0.350115 0.792709 0.499032
-0.350115 0.792709 0.499032
-0.350115 0.792709 0.499032
-0.350115 0.792709 0.499032
-0.350115 0.792709 0.499032
-0.151806 0.906924 0.392992
-0.151806 0.906924 0.392992
-0.151806 0.906924 0.392992
-0.151806 0.906924 0.392992
-0.151806 0.906924 0.392992
-0.151806 0.906924 0.392992
0.000008 0.942591 0.333949
0.000008 0.942591 0.333949
0.000008 0.942591 0.333949
0.000008 0.942591 0.333949
0.000008 0.942591 0.333949
0.000008 0.942591 0.333949
0.000004 0.942591 0.333949
0.000004 0.942591 0.333949
0.000004 0.942591 0.333949
0.000004 0.942591 0.333949
0.000004 0.942591 0.333949
0.000004 0.942591 0.333949
0.993516 -0.000000 0.113692
0.993516 -0.000000 0.113692
0.993516 -0.000000 0.113692
0.993516 -0.000000 0.113692
0.993516 -0.000000 0.113692
0.993516 -0.000000 0.113692
</float_array>
          <technique_common>
            <accessor source="#Boat2-Normal0-array" count="1050" stride="3">
              <param name="X" type="float"/>
              <param name="Y" type="float"/>
              <param name="Z" type="float"/>
            </accessor>
          </technique_common>
        </source>
        <source id="Boat2-UV0">
          <float_array id="Boat2-UV0-array" count="626">
0.442940 0.353423
0.438758 0.353423
0.435602 0.352528
0.433101 0.351233
0.431028 0.348868
0.433101 0.346456
0.435290 0.345116
0.438758 0.344312
0.442940 0.344312
0.442870 0.353255
0.438974 0.353255
0.436034 0.352393
0.433704 0.351146
0.431773 0.348867
0.433704 0.346543
0.435743 0.345252
0.438974 0.344478
0.442870 0.344478
0.225046 0.414205
0.224620 0.414205
0.220948 0.414205
0.212640 0.414205
0.216850 0.414205
0.212906 0.414205
0.218827 0.414205
0.225046 0.400990
0.223951 0.397338
0.224284 0.400990
0.218843 0.391187
0.218868 0.394455
0.222127 0.393974
0.222483 0.397434
0.212640 0.400990
0.213470 0.400990
0.213860 0.397338
0.215622 0.393974
0.215357 0.397434
0.224531 0.409800
0.224373 0.405395
0.225046 0.409800
0.225046 0.405395
0.213325 0.405395
0.213050 0.409800
0.212640 0.405395
0.212640 0.409800
0.216919 0.411149
0.216919 0.409704
0.216919 0.408260
0.217302 0.407171
0.217855 0.406307
0.218866 0.405591
0.219897 0.406307
0.220470 0.407063
0.220814 0.408260
0.220814 0.409704
0.220814 0.411149
0.220832 0.414007
0.224703 0.414007
0.216962 0.414007
0.212986 0.414007
0.212986 0.409846
0.212986 0.405686
0.212986 0.401525
0.214137 0.398076
0.215802 0.394899
0.218844 0.392267
0.221945 0.394899
0.223669 0.398076
0.224703 0.401525
0.224703 0.405686
0.224703 0.409846
0.220832 0.413888
0.224703 0.413888
0.216962 0.413888
0.212986 0.413888
0.212986 0.410604
0.212986 0.407320
0.212986 0.404036
0.214137 0.401313
0.215802 0.398805
0.218844 0.396728
0.221945 0.398805
0.223668 0.401313
0.224703 0.404036
0.224703 0.407320
0.224703 0.410604
0.220669 0.413485
0.224213 0.413485
0.217124 0.413485
0.213484 0.413485
0.213484 0.410602
0.213484 0.407318
0.213484 0.404034
0.214538 0.401556
0.216062 0.399592
0.218848 0.397965
0.221688 0.399592
0.223266 0.401311
0.224213 0.404034
0.224213 0.407318
0.224213 0.410602
0.220603 0.413008
0.224018 0.413008
0.217189 0.413008
0.213681 0.413008
0.213681 0.410322
0.213681 0.407263
0.224018 0.410322
0.224018 0.407263
0.214137 0.407378
0.214130 0.410157
0.213681 0.404204
0.214143 0.404607
0.214697 0.401896
0.215067 0.402512
0.216166 0.400066
0.216410 0.400865
0.218850 0.398550
0.218853 0.399507
0.221585 0.400066
0.221356 0.400821
0.223106 0.401667
0.222762 0.402254
0.224018 0.404204
0.223523 0.404641
0.223571 0.407377
0.223576 0.410157
0.215597 0.408686
0.215597 0.410522
0.215597 0.406851
0.216238 0.405467
0.217166 0.404369
0.218861 0.403459
0.220588 0.404369
0.221548 0.405330
0.222124 0.406851
0.222124 0.408686
0.222124 0.410522
0.216061 0.409594
0.216061 0.411430
0.221664 0.411430
0.221664 0.409594
0.216061 0.407759
0.216612 0.406375
0.217408 0.405277
0.218863 0.404367
0.220346 0.405277
0.221170 0.406238
0.221664 0.407759
0.118063 0.816263
0.118063 0.872093
0.117441 0.872096
0.117441 0.816260
0.118063 0.843956
0.117441 0.843959
0.118063 0.819187
0.117441 0.819191
0.096373 0.819187
0.100321 0.819191
0.074684 0.819187
0.083201 0.819191
0.052995 0.819187
0.066081 0.819191
0.035012 0.863935
0.051887 0.863938
0.018450 0.822468
0.038815 0.822471
0.004730 0.858218
0.027985 0.858215
0.018450 0.821004
0.038815 0.821001
0.035012 0.863932
0.051887 0.863929
0.052995 0.816263
0.066081 0.816260
0.074684 0.816263
0.083201 0.816260
0.096373 0.816263
0.100321 0.816260
0.012911 0.822886
0.106601 0.822886
0.106601 0.837441
0.106601 0.851996
0.106601 0.866947
0.012911 0.866947
0.045432 0.946677
0.042687 0.946677
0.040607 0.946677
0.044740 0.946677
0.039811 0.946677
0.042652 0.946677
0.045270 0.938603
0.042672 0.934610
0.042696 0.938603
0.044238 0.938603
0.042684 0.936607
0.044406 0.936430
0.040082 0.938603
0.041180 0.938603
0.040987 0.936430
0.045389 0.943986
0.045313 0.941295
0.044371 0.941295
0.044607 0.943986
0.042697 0.941295
0.042686 0.943986
0.040753 0.943986
0.041034 0.941295
0.040013 0.941295
0.039880 0.943986
0.463409 0.350380
0.463561 0.350739
0.460970 0.353729
0.460622 0.353602
0.458378 0.356718
0.457918 0.356803
0.456896 0.359743
0.456175 0.360100
0.456651 0.362216
0.455942 0.362746
0.457367 0.365333
0.456772 0.366023
0.460614 0.365456
0.460232 0.366164
0.463238 0.364545
0.463036 0.365199
0.465937 0.362897
0.465931 0.363422
0.468528 0.359907
0.468718 0.360218
0.471120 0.356917
0.471514 0.357005
0.464414 0.366223
0.462045 0.366223
0.463217 0.365345
0.465586 0.365345
0.459676 0.366223
0.460848 0.365345
0.457889 0.365010
0.459060 0.364303
0.456472 0.363256
0.457643 0.362798
0.455298 0.360050
0.456470 0.360046
0.456472 0.356783
0.457643 0.357242
0.457712 0.354967
0.458884 0.355683
0.459676 0.353877
0.460848 0.354748
0.462045 0.353877
0.463217 0.354748
0.464414 0.353877
0.465586 0.354748
0.456470 0.353877
0.456470 0.366223
0.455298 0.365345
0.455298 0.354748
0.214450 0.410039
0.214450 0.407457
0.214450 0.404874
0.215316 0.402926
0.216567 0.401381
0.218855 0.400102
0.221186 0.401381
0.222482 0.402733
0.223259 0.404874
0.223259 0.407457
0.223259 0.410039
0.082090 0.865830
0.102593 0.865830
0.061587 0.865830
0.046119 0.861658
0.033854 0.855626
0.023694 0.844601
0.033854 0.833364
0.044588 0.827120
0.061587 0.823372
0.082090 0.823372
0.102593 0.823372
0.113531 0.865830
0.086192 0.865830
0.058854 0.865830
0.038230 0.861657
0.021876 0.855626
0.008329 0.844601
0.021876 0.833364
0.036188 0.827120
0.058854 0.823372
0.086192 0.823372
0.113531 0.823372
0.226770 0.401518
0.222646 0.401518
0.218523 0.401518
0.215412 0.400602
0.212945 0.399278
0.210901 0.396859
0.212945 0.394393
0.215104 0.393022
0.218523 0.392200
0.222646 0.392200
0.226770 0.392200
0.226770 0.401518
0.222646 0.401518
0.218523 0.401518
0.215412 0.400602
0.212945 0.399278
0.210901 0.396859
0.212945 0.394393
0.215104 0.393022
0.218523 0.392200
0.222646 0.392200
0.226770 0.392200
</float_array>
          <technique_common>
            <accessor source="#Boat2-UV0-array" count="313" stride="2">
              <param name="S" type="float"/>
              <param name="T" type="float"/>
            </accessor>
          </technique_common>
        </source>
        <vertices id="Boat2-VERTEX">
          <input semantic="POSITION" source="#Boat2-POSITION"/>
        </vertices>
        <triangles count="350" material="_01 - Default"><input semantic="VERTEX" offset="0" source="#Boat2-VERTEX"/><input semantic="NORMAL" offset="1" source="#Boat2-Normal0"/><input semantic="TEXCOORD" offset="2" set="0" source="#Boat2-UV0"/><p> 0 0 18 12 1 20 7 2 19 5 3 186 8 4 188 9 5 187 3 6 21 10 7 23 11 8 22 7 9 19 12 10 20 29 11 24 9 12 187 8 13 188 29 14 190 11 15 22 10 16 23 29 17 24 7 18 185 29 19 190 8 20 188 9 21 187 29 22 190 10 23 189 11 24 22 29 25 24 12 26 20 1 27 25 18 28 27 13 29 26 2 30 28 14 31 30 15 32 29 6 33 193 16 34 195 17 35 194 13 36 26 18 37 27 30 38 31 15 39 29 14 40 30 30 41 31 17 42 194 16 43 195 30 44 196 13 45 26 30 46 31 14 47 30 15 48 192 30 49 196 16 50 195 17 51 194 30 52 196 18 53 191 4 54 32 22 55 34 19 56 33 6 57 193 20 58 198 16 59 195 2 60 28 15 61 29 21 62 35 19 63 33 22 64 34 31 65 36 16 66 195 20 67 198 31 68 199 21 69 35 15 70 29 31 71 36 19 72 197 31 73 199 20 74 198 16 75 195 31 76 199 15 77 192 21 78 35 31 79 36 22 80 34 32 81 200 34 82 203 35 83 202 35 84 202 33 85 201 32 86 200 0 87 18 7 88 19 32 89 37 32 90 37 23 91 39 0 92 18 18 93 27 1 94 25 24 95 40 24 96 40 33 97 38 18 98 27 6 99 193 17 100 194 35 101 202 35 102 202 25 103 204 6 104 193 8 105 188 5 106 186 26 107 205 26 108 205 34 109 203 8 110 188 23 111 39 32 112 37 33 113 38 33 114 38 24 115 40 23 116 39 17 117 194 18 118 191 33 119 201 33 120 201 35 121 202 17 122 194 25 123 204 35 124 202 34 125 203 34 126 203 26 127 205 25 128 204 7 129 185 8 130 188 34 131 203 34 132 203 32 133 200 7 134 185 36 135 206 38 136 209 39 137 208 39 138 208 37 139 207 36 140 206 5 141 186 9 142 187 36 143 206 36 144 206 26 145 205 5 146 186 20 147 198 6 148 193 25 149 204 25 150 204 37 151 207 20 152 198 4 153 32 19 154 33 39 155 41 39 156 41 27 157 43 4 158 32 10 159 23 3 160 21 28 161 44 28 162 44 38 163 42 10 164 23 26 165 205 36 166 206 37 167 207 37 168 207 25 169 204 26 170 205 19 171 197 20 172 198 37 173 207 37 174 207 39 175 208 19 176 197 27 177 43 39 178 41 38 179 42 38 180 42 28 181 44 27 182 43 9 183 187 10 184 189 38 185 209 38 186 209 36 187 206 9 188 187 144 189 45 154 190 55 153 191 54 153 192 54 152 193 53 151 194 52 151 195 52 150 196 51 149 197 50 153 198 54 151 199 52 149 200 50 149 201 50 148 202 49 147 203 48 147 204 48 146 205 47 145 206 46 149 207 50 147 208 48 145 209 46 153 210 54 149 211 50 145 212 46 144 213 45 153 214 54 145 215 46 0 216 18 40 217 57 41 218 56 41 219 56 12 220 20 0 221 18 12 222 20 41 223 56 42 224 58 42 225 58 11 226 22 12 227 20 11 228 22 42 229 58 43 230 59 43 231 59 3 232 21 11 233 22 3 234 21 43 235 59 44 236 60 44 237 60 28 238 44 3 239 21 28 240 44 44 241 60 45 242 61 45 243 61 27 244 43 28 245 44 27 246 43 45 247 61 46 248 62 46 249 62 4 250 32 27 251 43 4 252 32 46 253 62 47 254 63 47 255 63 22 256 34 4 257 32 22 258 34 47 259 63 48 260 64 48 261 64 21 262 35 22 263 34 21 264 35 48 265 64 49 266 65 49 267 65 2 268 28 21 269 35 2 270 28 49 271 65 50 272 66 50 273 66 14 274 30 2 275 28 14 276 30 50 277 66 51 278 67 51 279 67 13 280 26 14 281 30 13 282 26 51 283 67 52 284 68 52 285 68 1 286 25 13 287 26 1 288 25 52 289 68 53 290 69 53 291 69 24 292 40 1 293 25 24 294 40 53 295 69 54 296 70 54 297 70 23 298 39 24 299 40 23 300 39 54 301 70 40 302 57 40 303 57 0 304 18 23 305 39 40 306 149 55 307 152 56 308 151 56 309 151 41 310 150 40 311 149 41 312 150 56 313 151 57 314 154 57 315 154 42 316 153 41 317 150 42 318 153 57 319 154 58 320 156 58 321 156 43 322 155 42 323 153 43 324 155 58 325 156 59 326 158 59 327 158 44 328 157 43 329 155 44 330 157 59 331 158 60 332 160 60 333 160 45 334 159 44 335 157 45 336 159 60 337 160 61 338 162 61 339 162 46 340 161 45 341 159 46 342 161 61 343 162 62 344 164 62 345 164 47 346 163 46 347 161 47 348 163 62 349 164 63 350 166 63 351 166 48 352 165 47 353 163 48 354 165 63 355 166 64 356 168 64 357 168 49 358 167 48 359 165 49 360 167 64 361 168 65 362 170 65 363 170 50 364 169 49 365 167 50 366 169 65 367 170 66 368 172 66 369 172 51 370 171 50 371 169 51 372 171 66 373 172 67 374 174 67 375 174 52 376 173 51 377 171 52 378 173 67 379 174 68 380 176 68 381 176 53 382 175 52 383 173 53 384 175 68 385 176 69 386 178 69 387 178 54 388 177 53 389 175 54 390 177 69 391 178 55 392 152 55 393 152 40 394 149 54 395 177 55 396 72 70 397 87 71 398 86 71 399 86 56 400 71 55 401 72 56 402 71 71 403 86 72 404 88 72 405 88 57 406 73 56 407 71 57 408 73 72 409 88 73 410 89 73 411 89 58 412 74 57 413 73 58 414 74 73 415 89 74 416 90 74 417 90 59 418 75 58 419 74 59 420 75 74 421 90 75 422 91 75 423 91 60 424 76 59 425 75 60 426 76 75 427 91 76 428 92 76 429 92 61 430 77 60 431 76 61 432 77 76 433 92 77 434 93 77 435 93 62 436 78 61 437 77 62 438 78 77 439 93 78 440 94 78 441 94 63 442 79 62 443 78 63 444 79 78 445 94 79 446 95 79 447 95 64 448 80 63 449 79 64 450 80 79 451 95 80 452 96 80 453 96 65 454 81 64 455 80 65 456 81 80 457 96 81 458 97 81 459 97 66 460 82 65 461 81 66 462 82 81 463 97 82 464 98 82 465 98 67 466 83 66 467 82 67 468 83 82 469 98 83 470 99 83 471 99 68 472 84 67 473 83 68 474 84 83 475 99 84 476 100 84 477 100 69 478 85 68 479 84 69 480 85 84 481 100 70 482 87 70 483 87 55 484 72 69 485 85 70 486 87 85 487 102 86 488 101 86 489 101 71 490 86 70 491 87 71 492 86 86 493 101 87 494 103 87 495 103 72 496 88 71 497 86 72 498 88 87 499 103 88 500 104 88 501 104 73 502 89 72 503 88 73 504 89 88 505 104 89 506 105 89 507 105 74 508 90 73 509 89 74 510 90 89 511 105 90 512 106 90 513 106 75 514 91 74 515 90 75 516 0 90 517 9 91 518 10 91 519 10 76 520 1 75 521 0 76 522 1 91 523 10 92 524 11 92 525 11 77 526 2 76 527 1 77 528 2 92 529 11 93 530 12 93 531 12 78 532 3 77 533 2 78 534 3 93 535 12 94 536 13 94 537 13 79 538 4 78 539 3 79 540 4 94 541 13 95 542 14 95 543 14 80 544 5 79 545 4 80 546 5 95 547 14 96 548 15 96 549 15 81 550 6 80 551 5 81 552 6 96 553 15 97 554 16 97 555 16 82 556 7 81 557 6 82 558 7 97 559 16 98 560 17 98 561 17 83 562 8 82 563 7 83 564 99 98 565 108 99 566 107 99 567 107 84 568 100 83 569 99 84 570 100 99 571 107 85 572 102 85 573 102 70 574 87 84 575 100 99 576 179 89 577 184 88 578 183 88 579 183 87 580 182 86 581 181 99 582 179 88 583 183 86 584 181 99 585 179 86 586 181 85 587 180 90 588 106 89 589 105 143 590 110 143 591 110 142 592 109 90 593 106 90 594 106 142 595 109 141 596 112 141 597 112 91 598 111 90 599 106 91 600 111 141 601 112 140 602 114 140 603 114 92 604 113 91 605 111 92 606 113 140 607 114 139 608 116 139 609 116 93 610 115 92 611 113 93 612 115 139 613 116 138 614 118 138 615 118 94 616 117 93 617 115 95 618 119 94 619 117 138 620 118 138 621 118 137 622 120 95 623 119 96 624 121 95 625 119 137 626 120 137 627 120 136 628 122 96 629 121 97 630 123 96 631 121 136 632 122 136 633 122 135 634 124 97 635 123 98 636 108 97 637 123 135 638 124 135 639 124 134 640 125 98 641 108 98 642 108 134 643 125 133 644 126 133 645 126 99 646 107 98 647 108 89 648 105 99 649 107 133 650 126 133 651 126 143 652 110 89 653 105 155 654 258 111 655 128 112 656 127 112 657 127 156 658 259 155 659 258 156 660 259 112 661 127 113 662 129 113 663 129 157 664 260 156 665 259 157 666 260 113 667 129 114 668 130 114 669 130 158 670 261 157 671 260 158 672 261 114 673 130 115 674 131 115 675 131 159 676 262 158 677 261 159 678 262 115 679 131 116 680 132 116 681 132 160 682 263 159 683 262 160 684 263 116 685 132 117 686 133 117 687 133 161 688 264 160 689 263 161 690 264 117 691 133 118 692 134 118 693 134 162 694 265 161 695 264 162 696 265 118 697 134 119 698 135 119 699 135 163 700 266 162 701 265 163 702 266 119 703 135 120 704 136 120 705 136 164 706 267 163 707 266 164 708 267 120 709 136 121 710 137 121 711 137 165 712 268 164 713 267 165 714 268 121 715 137 111 716 128 111 717 128 155 718 258 165 719 268 111 720 232 122 721 235 123 722 234 123 723 234 112 724 233 111 725 232 112 726 233 123 727 234 124 728 237 124 729 237 113 730 236 112 731 233 113 732 236 124 733 237 125 734 239 125 735 239 114 736 238 113 737 236 114 738 238 125 739 239 126 740 241 126 741 241 115 742 240 114 743 238 115 744 240 126 745 241 127 746 243 127 747 243 116 748 242 115 749 240 116 750 242 127 751 243 128 752 245 128 753 245 117 754 244 116 755 242 117 756 244 128 757 245 129 758 247 129 759 247 118 760 246 117 761 244 118 762 246 129 763 247 130 764 249 130 765 249 119 766 248 118 767 246 119 768 248 130 769 249 131 770 251 131 771 251 120 772 250 119 773 248 120 774 250 131 775 251 132 776 253 132 777 253 121 778 252 120 779 250 121 780 254 132 781 257 122 782 256 122 783 256 111 784 255 121 785 254 110 786 211 133 787 210 134 788 213 134 789 213 109 790 212 110 791 211 134 792 213 135 793 215 108 794 214 108 795 214 109 796 212 134 797 213 135 798 215 136 799 217 107 800 216 107 801 216 108 802 214 135 803 215 136 804 217 137 805 219 106 806 218 106 807 218 107 808 216 136 809 217 137 810 219 138 811 221 105 812 220 105 813 220 106 814 218 137 815 219 105 816 220 138 817 221 139 818 223 139 819 223 104 820 222 105 821 220 104 822 222 139 823 223 140 824 225 140 825 225 103 826 224 104 827 222 103 828 224 140 829 225 141 830 227 141 831 227 102 832 226 103 833 224 102 834 226 141 835 227 142 836 229 142 837 229 101 838 228 102 839 226 142 840 229 143 841 231 100 842 230 100 843 230 101 844 228 142 845 229 100 846 230 143 847 231 133 848 210 133 849 210 110 850 211 100 851 230 122 852 139 144 853 45 145 854 46 145 855 46 123 856 138 122 857 139 123 858 138 145 859 46 146 860 47 146 861 47 124 862 142 123 863 138 124 864 142 146 865 47 147 866 48 147 867 48 125 868 143 124 869 142 125 870 143 147 871 48 148 872 49 148 873 49 126 874 144 125 875 143 126 876 144 148 877 49 149 878 50 149 879 50 127 880 145 126 881 144 127 882 145 149 883 50 150 884 51 150 885 51 128 886 146 127 887 145 128 888 146 150 889 51 151 890 52 151 891 52 129 892 147 128 893 146 129 894 147 151 895 52 152 896 53 152 897 53 130 898 148 129 899 147 130 900 148 152 901 53 153 902 54 153 903 54 131 904 141 130 905 148 131 906 141 153 907 54 154 908 55 154 909 55 132 910 140 131 911 141 132 912 140 154 913 55 144 914 45 144 915 45 122 916 139 132 917 140 166 918 280 155 919 270 156 920 269 156 921 269 167 922 281 166 923 280 167 924 281 156 925 269 157 926 271 157 927 271 168 928 282 167 929 281 168 930 282 157 931 271 158 932 272 158 933 272 169 934 283 168 935 282 169 936 283 158 937 272 159 938 273 159 939 273 170 940 284 169 941 283 170 942 284 159 943 273 160 944 274 160 945 274 171 946 285 170 947 284 171 948 285 160 949 274 161 950 275 161 951 275 172 952 286 171 953 285 172 954 286 161 955 275 162 956 276 162 957 276 173 958 287 172 959 286 173 960 287 162 961 276 163 962 277 163 963 277 174 964 288 173 965 287 174 966 288 163 967 277 164 968 278 164 969 278 175 970 289 174 971 288 175 972 289 164 973 278 165 974 279 165 975 279 176 976 290 175 977 289 176 978 290 165 979 279 155 980 270 155 981 270 166 982 280 176 983 290 100 984 291 166 985 302 167 986 303 167 987 303 101 988 292 100 989 291 101 990 292 167 991 303 168 992 304 168 993 304 102 994 293 101 995 292 102 996 293 168 997 304 169 998 305 169 999 305 103 1000 294 102 1001 293 103 1002 294 169 1003 305 170 1004 306 170 1005 306 104 1006 295 103 1007 294 104 1008 295 170 1009 306 171 1010 307 171 1011 307 105 1012 296 104 1013 295 105 1014 296 171 1015 307 172 1016 308 172 1017 308 106 1018 297 105 1019 296 106 1020 297 172 1021 308 173 1022 309 173 1023 309 107 1024 298 106 1025 297 107 1026 298 173 1027 309 174 1028 310 174 1029 310 108 1030 299 107 1031 298 108 1032 299 174 1033 310 175 1034 311 175 1035 311 109 1036 300 108 1037 299 109 1038 300 175 1039 311 176 1040 312 176 1041 312 110 1042 301 109 1043 300 110 1044 301 176 1045 312 166 1046 302 166 1047 302 100 1048 291 110 1049 301</p></triangles>
      </mesh>
    </geometry>
    <geometry id="Boat003-lib" name="Boat003Mesh">
      <mesh>
        <source id="Boat003-POSITION">
          <float_array id="Boat003-POSITION-array" count="291">
215.593735 20.225468 35.633682
-56.735046 20.225491 35.633682
-258.737640 -42.588039 35.633678
215.593735 -105.401634 35.633675
-56.735058 -105.401611 35.633675
215.593765 -42.016945 -1.461102
-56.735054 -41.830177 -8.108593
215.593704 15.906583 12.774483
215.593781 1.310813 3.389378
215.593704 -85.920456 4.913355
215.593781 -102.715096 12.774586
215.593704 -62.772560 36.370735
215.593765 -21.273544 36.002209
-131.997894 9.137059 35.633682
-201.314255 -9.338430 35.633682
-191.403442 -42.335403 12.774267
-124.069244 -42.082798 -4.126793
-56.735039 -9.285881 -3.823162
-56.735046 12.504043 12.774271
-56.735046 -97.005188 12.774260
-56.735046 -73.817154 -3.852226
-201.314255 -75.208931 35.769608
-131.997894 -93.055717 35.905540
124.817429 20.225471 35.633682
34.041206 20.225483 35.633682
34.041214 -41.804966 -9.529064
124.817505 -42.042152 -8.325546
34.041199 -105.401596 35.633675
124.817474 -105.401619 35.633675
215.593689 -42.757050 12.774473
-130.015732 -5.736241 12.774149
-130.015747 -77.895103 12.774147
124.817429 15.005350 12.774374
34.041199 13.405259 12.774292
124.817474 -1.491017 -2.288704
34.041222 -6.484056 -4.282063
124.817413 -82.837090 -1.167362
34.041191 -76.900497 -3.908485
124.817459 -101.253822 12.774445
34.041222 -98.466476 12.774307
211.502899 16.745991 33.955856
211.502899 -22.448439 33.956383
211.502899 -61.642864 33.956909
211.502899 -101.904587 33.955845
125.767761 -101.904579 33.955845
40.032616 -101.904572 33.955845
-45.702507 -101.904564 33.955845
-116.785751 -90.244286 33.956238
-182.252701 -73.388596 33.956043
-236.487183 -42.579250 33.955849
-182.252716 -11.176123 33.955853
-116.785736 6.273361 33.955853
-45.702499 16.746014 33.955856
40.032623 16.746006 33.955856
125.767731 16.745998 33.955856
202.862991 11.284861 33.953835
202.862991 -25.478189 33.954361
202.862991 -62.241241 33.954887
202.862991 -100.005386 33.953823
135.190384 -100.005379 33.953823
67.517769 -100.005371 33.953823
-0.154835 -100.005371 33.953823
-56.262390 -89.068428 33.954216
-107.936844 -73.258354 33.954021
-150.745285 -44.360229 33.953827
-107.936867 -14.905133 33.953831
-56.262363 1.461888 33.953831
-0.154827 11.284878 33.953835
67.517776 11.284872 33.953835
135.190353 11.284866 33.953835
196.470047 11.284829 20.795376
196.470047 -25.478205 20.795900
196.470047 -62.241264 20.796425
196.470047 -100.005402 20.795364
133.680038 -100.005402 20.795364
70.889992 -100.005394 20.795364
8.099926 -100.005394 20.795364
-43.959442 -89.068443 20.795750
-91.905647 -73.258385 20.795563
-131.625488 -44.360252 20.795368
-91.905640 -14.905163 20.795372
-43.959435 1.461865 20.795372
8.099934 11.284845 20.795376
70.889999 11.284841 20.795376
133.680054 11.284835 20.795376
-1.081928 -45.491665 416.098816
3.729805 -46.780968 416.098816
7.252235 -43.258541 416.098816
5.962933 -38.446808 416.098816
1.151203 -37.157513 416.098816
-2.371227 -40.679939 416.098816
-1.081928 -45.491562 4.828827
3.729805 -46.780865 4.828827
7.252235 -43.258438 4.828827
5.962933 -38.446705 4.828827
1.151203 -37.157410 4.828827
-2.371227 -40.679836 4.828827
</float_array>
          <technique_common>
            <accessor source="#Boat003-POSITION-array" count="97" stride="3">
              <param name="X" type="float"/>
              <param name="Y" type="float"/>
              <param name="Z" type="float"/>
            </accessor>
          </technique_common>
        </source>
        <source id="Boat003-Normal0">
          <float_array id="Boat003-Normal0-array" count="1674">
0.513324 0.606016 0.607654
0.524133 0.004657 0.851624
0.631742 0.648945 -0.423996
0.704954 -0.014525 -0.709104
0.678950 0.254257 -0.688753
0.686603 -0.223598 -0.691795
0.521152 -0.582028 0.624215
0.610123 -0.641572 -0.464903
0.495159 0.002691 0.868798
0.631742 0.648945 -0.423996
0.524133 0.004657 0.851624
1.000000 -0.000000 0.000002
0.686603 -0.223598 -0.691795
0.678950 0.254257 -0.688753
1.000000 -0.000000 0.000002
0.495159 0.002691 0.868798
0.610123 -0.641572 -0.464903
1.000000 -0.000000 0.000002
0.631742 0.648945 -0.423996
1.000000 -0.000000 0.000002
0.678950 0.254257 -0.688753
0.686603 -0.223598 -0.691795
1.000000 -0.000000 0.000002
0.610123 -0.641572 -0.464903
0.495159 0.002691 0.868798
1.000000 -0.000000 0.000002
0.524133 0.004657 0.851624
-0.032830 0.723149 0.689911
-0.079447 0.809318 -0.581973
-0.193615 0.792499 0.578324
-0.990332 -0.004251 0.138654
-0.435485 0.823077 0.364550
-0.309382 -0.003165 -0.950933
-0.036030 0.000455 -0.999351
-0.196905 -0.002850 -0.980418
-0.067390 0.392311 -0.917361
-0.193615 0.792499 0.578324
-0.079447 0.809318 -0.581973
-0.218833 0.618143 -0.754991
-0.309382 -0.003165 -0.950933
-0.435485 0.823077 0.364550
-0.218833 0.618143 -0.754991
-0.067390 0.392311 -0.917361
-0.196905 -0.002850 -0.980418
-0.218833 0.618143 -0.754991
-0.193615 0.792499 0.578324
-0.218833 0.618143 -0.754991
-0.435485 0.823077 0.364550
-0.309382 -0.003165 -0.950933
-0.218833 0.618143 -0.754991
-0.196905 -0.002850 -0.980418
-0.067390 0.392311 -0.917361
-0.218833 0.618143 -0.754991
-0.079447 0.809318 -0.581973
-0.045802 -0.734968 0.676553
-0.193607 -0.778137 0.597510
-0.090349 -0.793407 -0.601949
-0.036030 0.000455 -0.999351
-0.070674 -0.378806 -0.922774
-0.196905 -0.002850 -0.980418
-0.990332 -0.004251 0.138654
-0.309382 -0.003165 -0.950933
-0.424211 -0.825530 0.372217
-0.090349 -0.793407 -0.601949
-0.193607 -0.778137 0.597510
-0.217198 -0.617215 -0.756221
-0.196905 -0.002850 -0.980418
-0.070674 -0.378806 -0.922774
-0.217198 -0.617215 -0.756221
-0.424211 -0.825530 0.372217
-0.309382 -0.003165 -0.950933
-0.217198 -0.617215 -0.756221
-0.090349 -0.793407 -0.601949
-0.217198 -0.617215 -0.756221
-0.070674 -0.378806 -0.922774
-0.196905 -0.002850 -0.980418
-0.217198 -0.617215 -0.756221
-0.309382 -0.003165 -0.950933
-0.424211 -0.825530 0.372217
-0.217198 -0.617215 -0.756221
-0.193607 -0.778137 0.597510
-0.011682 0.864184 -0.503040
0.012776 0.425384 -0.904923
-0.009486 0.412763 -0.910789
-0.009486 0.412763 -0.910789
-0.011567 0.838394 -0.544942
-0.011682 0.864184 -0.503040
0.513324 0.606016 0.607654
0.631742 0.648945 -0.423996
-0.011682 0.864184 -0.503040
-0.011682 0.864184 -0.503040
-0.008335 0.625364 0.780288
0.513324 0.606016 0.607654
-0.079447 0.809318 -0.581973
-0.032830 0.723149 0.689911
-0.004932 0.649686 0.760187
-0.004932 0.649686 0.760187
-0.011567 0.838394 -0.544942
-0.079447 0.809318 -0.581973
-0.036030 0.000455 -0.999351
-0.067390 0.392311 -0.917361
-0.009486 0.412763 -0.910789
-0.009486 0.412763 -0.910789
0.000687 -0.004057 -0.999992
-0.036030 0.000455 -0.999351
0.678950 0.254257 -0.688753
0.704954 -0.014525 -0.709104
0.042210 -0.014699 -0.999001
0.042210 -0.014699 -0.999001
0.012776 0.425384 -0.904923
0.678950 0.254257 -0.688753
-0.008335 0.625364 0.780288
-0.011682 0.864184 -0.503040
-0.011567 0.838394 -0.544942
-0.011567 0.838394 -0.544942
-0.004932 0.649686 0.760187
-0.008335 0.625364 0.780288
-0.067390 0.392311 -0.917361
-0.079447 0.809318 -0.581973
-0.011567 0.838394 -0.544942
-0.011567 0.838394 -0.544942
-0.009486 0.412763 -0.910789
-0.067390 0.392311 -0.917361
0.000687 -0.004057 -0.999992
-0.009486 0.412763 -0.910789
0.012776 0.425384 -0.904923
0.012776 0.425384 -0.904923
0.042210 -0.014699 -0.999001
0.000687 -0.004057 -0.999992
0.631742 0.648945 -0.423996
0.678950 0.254257 -0.688753
0.012776 0.425384 -0.904923
0.012776 0.425384 -0.904923
-0.011682 0.864184 -0.503040
0.631742 0.648945 -0.423996
0.026569 -0.398785 -0.916660
-0.002884 -0.846362 -0.532600
-0.015261 -0.821211 -0.570421
-0.015261 -0.821211 -0.570421
-0.004770 -0.393686 -0.919233
0.026569 -0.398785 -0.916660
0.704954 -0.014525 -0.709104
0.686603 -0.223598 -0.691795
0.026569 -0.398785 -0.916660
0.026569 -0.398785 -0.916660
0.042210 -0.014699 -0.999001
0.704954 -0.014525 -0.709104
-0.070674 -0.378806 -0.922774
-0.036030 0.000455 -0.999351
0.000687 -0.004057 -0.999992
0.000687 -0.004057 -0.999992
-0.004770 -0.393686 -0.919233
-0.070674 -0.378806 -0.922774
-0.045802 -0.734968 0.676553
-0.090349 -0.793407 -0.601949
-0.015261 -0.821211 -0.570421
-0.015261 -0.821211 -0.570421
-0.015186 -0.647411 0.761990
-0.045802 -0.734968 0.676553
0.610123 -0.641572 -0.464903
0.521152 -0.582028 0.624215
-0.007299 -0.604349 0.796687
-0.007299 -0.604349 0.796687
-0.002884 -0.846362 -0.532600
0.610123 -0.641572 -0.464903
0.042210 -0.014699 -0.999001
0.026569 -0.398785 -0.916660
-0.004770 -0.393686 -0.919233
-0.004770 -0.393686 -0.919233
0.000687 -0.004057 -0.999992
0.042210 -0.014699 -0.999001
-0.090349 -0.793407 -0.601949
-0.070674 -0.378806 -0.922774
-0.004770 -0.393686 -0.919233
-0.004770 -0.393686 -0.919233
-0.015261 -0.821211 -0.570421
-0.090349 -0.793407 -0.601949
-0.015186 -0.647411 0.761990
-0.015261 -0.821211 -0.570421
-0.002884 -0.846362 -0.532600
-0.002884 -0.846362 -0.532600
-0.007299 -0.604349 0.796687
-0.015186 -0.647411 0.761990
0.686603 -0.223598 -0.691795
0.610123 -0.641572 -0.464903
-0.002884 -0.846362 -0.532600
-0.002884 -0.846362 -0.532600
0.026569 -0.398785 -0.916660
0.686603 -0.223598 -0.691795
0.513324 0.606016 0.607654
-0.191847 -0.234040 0.953111
-0.445799 0.003079 0.895128
-0.445799 0.003079 0.895128
0.524133 0.004657 0.851624
0.513324 0.606016 0.607654
0.524133 0.004657 0.851624
-0.445799 0.003079 0.895128
-0.505195 0.004114 0.862996
-0.505195 0.004114 0.862996
0.495159 0.002691 0.868798
0.524133 0.004657 0.851624
0.495159 0.002691 0.868798
-0.505195 0.004114 0.862996
-0.201881 0.226025 0.952973
-0.201881 0.226025 0.952973
0.521152 -0.582028 0.624215
0.495159 0.002691 0.868798
0.521152 -0.582028 0.624215
-0.201881 0.226025 0.952973
0.000000 0.432574 0.901598
0.000000 0.432574 0.901598
-0.007299 -0.604349 0.796687
0.521152 -0.582028 0.624215
-0.007299 -0.604349 0.796687
0.000000 0.432574 0.901598
0.000000 0.432575 0.901598
0.000000 0.432575 0.901598
-0.015186 -0.647411 0.761990
-0.007299 -0.604349 0.796687
-0.015186 -0.647411 0.761990
0.000000 0.432575 0.901598
0.007353 0.413610 0.910424
0.007353 0.413610 0.910424
-0.045802 -0.734968 0.676553
-0.015186 -0.647411 0.761990
-0.045802 -0.734968 0.676553
0.007353 0.413610 0.910424
0.060035 0.326625 0.943246
0.060035 0.326625 0.943246
-0.193607 -0.778137 0.597510
-0.045802 -0.734968 0.676553
-0.193607 -0.778137 0.597510
0.060035 0.326625 0.943246
0.069098 0.243046 0.967550
0.069098 0.243046 0.967550
-0.424211 -0.825530 0.372217
-0.193607 -0.778137 0.597510
-0.424211 -0.825530 0.372217
0.069098 0.243046 0.967550
0.075461 0.003654 0.997142
0.075461 0.003654 0.997142
-0.990332 -0.004251 0.138654
-0.424211 -0.825530 0.372217
-0.990332 -0.004251 0.138654
0.075461 0.003654 0.997142
0.064949 -0.215831 0.974268
0.064949 -0.215831 0.974268
-0.435485 0.823077 0.364550
-0.990332 -0.004251 0.138654
-0.435485 0.823077 0.364550
0.064949 -0.215831 0.974268
0.048334 -0.301214 0.952331
0.048334 -0.301214 0.952331
-0.193615 0.792499 0.578324
-0.435485 0.823077 0.364550
-0.193615 0.792499 0.578324
0.048334 -0.301214 0.952331
0.006635 -0.417188 0.908796
0.006635 -0.417188 0.908796
-0.032830 0.723149 0.689911
-0.193615 0.792499 0.578324
-0.032830 0.723149 0.689911
0.006635 -0.417188 0.908796
-0.000000 -0.434346 0.900746
-0.000000 -0.434346 0.900746
-0.004932 0.649686 0.760187
-0.032830 0.723149 0.689911
-0.004932 0.649686 0.760187
-0.000000 -0.434346 0.900746
-0.000000 -0.434346 0.900746
-0.000000 -0.434346 0.900746
-0.008335 0.625364 0.780288
-0.004932 0.649686 0.760187
-0.008335 0.625364 0.780288
-0.000000 -0.434346 0.900746
-0.191847 -0.234040 0.953111
-0.191847 -0.234040 0.953111
0.513324 0.606016 0.607654
-0.008335 0.625364 0.780288
-0.000155 -0.000124 1.000000
-0.000110 -0.000196 1.000000
-0.000239 0.000014 1.000000
-0.000239 0.000014 1.000000
-0.000239 0.000014 1.000000
-0.000155 -0.000124 1.000000
-0.000239 0.000014 1.000000
-0.000239 0.000014 1.000000
-0.000234 -0.000008 1.000000
-0.000234 -0.000008 1.000000
-0.000234 -0.000006 1.000000
-0.000239 0.000014 1.000000
-0.000234 -0.000006 1.000000
-0.000234 -0.000008 1.000000
-0.000091 0.000651 1.000000
-0.000091 0.000651 1.000000
-0.000207 0.000124 1.000000
-0.000234 -0.000006 1.000000
-0.000207 0.000124 1.000000
-0.000091 0.000651 1.000000
0.000000 0.001065 0.999999
0.000000 0.001065 0.999999
0.000000 0.001065 0.999999
-0.000207 0.000124 1.000000
0.000000 0.001065 0.999999
0.000000 0.001065 0.999999
0.000000 0.001065 0.999999
0.000000 0.001065 0.999999
0.000000 0.001065 0.999999
0.000000 0.001065 0.999999
0.000000 0.001065 0.999999
0.000000 0.001065 0.999999
0.000003 0.001001 1.000000
0.000003 0.001001 1.000000
0.000035 0.000169 1.000000
0.000000 0.001065 0.999999
0.000035 0.000169 1.000000
0.000003 0.001001 1.000000
0.000032 0.000150 1.000000
0.000032 0.000150 1.000000
0.000029 0.000118 1.000000
0.000035 0.000169 1.000000
0.000029 0.000118 1.000000
0.000032 0.000150 1.000000
0.000029 0.000103 1.000000
0.000029 0.000103 1.000000
0.000025 0.000055 1.000000
0.000029 0.000118 1.000000
0.000025 0.000055 1.000000
0.000029 0.000103 1.000000
0.000025 0.000008 1.000000
0.000025 0.000008 1.000000
0.000024 0.000003 1.000000
0.000025 0.000055 1.000000
0.000024 0.000003 1.000000
0.000025 0.000008 1.000000
0.000024 -0.000067 1.000000
0.000024 -0.000067 1.000000
0.000025 -0.000048 1.000000
0.000024 0.000003 1.000000
0.000025 -0.000048 1.000000
0.000024 -0.000067 1.000000
0.000023 -0.000126 1.000000
0.000023 -0.000126 1.000000
0.000026 -0.000100 1.000000
0.000025 -0.000048 1.000000
0.000026 -0.000100 1.000000
0.000023 -0.000126 1.000000
0.000002 -0.000351 1.000000
0.000002 -0.000351 1.000000
0.000023 -0.000174 1.000000
0.000026 -0.000100 1.000000
0.000023 -0.000174 1.000000
0.000002 -0.000351 1.000000
-0.000000 -0.000370 1.000000
-0.000000 -0.000370 1.000000
-0.000000 -0.000370 1.000000
0.000023 -0.000174 1.000000
-0.000000 -0.000370 1.000000
-0.000000 -0.000370 1.000000
-0.000000 -0.000370 1.000000
-0.000000 -0.000370 1.000000
-0.000000 -0.000370 1.000000
-0.000000 -0.000370 1.000000
-0.000000 -0.000370 1.000000
-0.000000 -0.000370 1.000000
-0.000110 -0.000196 1.000000
-0.000110 -0.000196 1.000000
-0.000155 -0.000124 1.000000
-0.000000 -0.000370 1.000000
0.000000 0.000014 1.000000
0.000000 0.000014 1.000000
0.000000 0.000014 1.000000
0.000000 0.000014 1.000000
0.000000 0.000014 1.000000
0.000000 0.000014 1.000000
-0.000000 -0.000000 1.000000
-0.000000 -0.000000 1.000000
-0.000000 -0.000000 1.000000
-0.000001 0.000011 1.000000
-0.000001 0.000011 1.000000
-0.000001 0.000011 1.000000
0.000000 -0.000000 1.000000
0.000000 -0.000000 1.000000
0.000000 -0.000000 1.000000
-0.000003 0.000003 1.000000
-0.000003 0.000003 1.000000
-0.000003 0.000003 1.000000
-0.000002 0.000004 1.000000
-0.000002 0.000004 1.000000
-0.000002 0.000004 1.000000
-0.000002 0.000004 1.000000
-0.000002 0.000004 1.000000
-0.000002 0.000004 1.000000
0.000000 -0.000035 1.000000
0.000000 -0.000035 1.000000
0.000000 -0.000035 1.000000
-0.000000 -0.000035 1.000000
-0.000000 -0.000035 1.000000
-0.000000 -0.000035 1.000000
0.000002 -0.000009 1.000000
0.000002 -0.000009 1.000000
0.000002 -0.000009 1.000000
0.000000 -0.000028 1.000000
0.000000 -0.000028 1.000000
0.000000 -0.000028 1.000000
-0.000025 0.000014 1.000000
-0.000025 0.000014 1.000000
-0.000025 0.000014 1.000000
-0.899463 0.000006 0.436998
-0.899463 0.000006 0.436998
-0.899463 0.000006 0.436998
-0.899463 0.000006 0.436998
-0.899463 0.000006 0.436998
-0.899463 0.000006 0.436998
-0.899463 0.000006 0.436998
-0.899463 0.000006 0.436998
-0.899463 0.000006 0.436998
-0.899463 0.000006 0.436998
-0.899463 0.000006 0.436998
-0.899463 0.000006 0.436998
-0.899463 -0.000012 0.436997
-0.899463 -0.000012 0.436998
-0.899463 -0.000012 0.436997
-0.899463 -0.000012 0.436998
-0.899463 -0.000012 0.436998
-0.899463 -0.000012 0.436998
0.000000 1.000000 -0.000001
0.000000 1.000000 -0.000001
0.000000 1.000000 -0.000001
0.000000 1.000000 -0.000002
0.000000 1.000000 -0.000002
0.000000 1.000000 -0.000002
0.000000 1.000000 -0.000002
0.000000 1.000000 -0.000002
0.000000 1.000000 -0.000002
0.000000 1.000000 -0.000002
0.000000 1.000000 -0.000002
0.000000 1.000000 -0.000002
0.000000 1.000000 -0.000002
0.000000 1.000000 -0.000002
0.000000 1.000000 -0.000002
0.000000 1.000000 -0.000002
0.000000 1.000000 -0.000002
0.000000 1.000000 -0.000002
0.203910 0.970597 0.127918
0.203910 0.970597 0.127918
0.203910 0.970597 0.127918
0.188339 0.966188 0.176092
0.188339 0.966188 0.176092
0.188339 0.966188 0.176092
0.300541 0.911435 0.281000
0.300541 0.911435 0.281000
0.300541 0.911435 0.281000
0.275584 0.900737 0.335747
0.275584 0.900737 0.335747
0.275584 0.900737 0.335747
0.478173 0.657242 0.582566
0.478173 0.657242 0.582566
0.478173 0.657242 0.582566
0.434136 0.643115 0.630817
0.434136 0.643115 0.630817
0.434136 0.643115 0.630817
0.450388 -0.607343 0.654434
0.450388 -0.607343 0.654434
0.450388 -0.607343 0.654434
0.466429 -0.677882 0.568261
0.466429 -0.677882 0.568261
0.466429 -0.677882 0.568261
0.300612 -0.880624 0.366244
0.300612 -0.880624 0.366244
0.300612 -0.880624 0.366244
0.290591 -0.917462 0.271699
0.290591 -0.917462 0.271699
0.290591 -0.917462 0.271699
0.182691 -0.968218 0.170815
0.182691 -0.968218 0.170815
0.182691 -0.968218 0.170815
0.171451 -0.979304 0.107560
0.171451 -0.979304 0.107560
0.171451 -0.979304 0.107560
-0.000000 -1.000000 0.000002
-0.000000 -1.000000 0.000002
-0.000000 -1.000000 0.000002
-0.000000 -1.000000 0.000002
-0.000000 -1.000000 0.000002
-0.000000 -1.000000 0.000002
-0.000000 -1.000000 0.000002
-0.000000 -1.000000 0.000002
-0.000000 -1.000000 0.000002
-0.000000 -1.000000 0.000002
-0.000000 -1.000000 0.000002
-0.000000 -1.000000 0.000002
-0.000000 -1.000000 0.000002
-0.000000 -1.000000 0.000002
-0.000000 -1.000000 0.000002
-0.000000 -1.000000 0.000002
-0.000000 -1.000000 0.000002
-0.000000 -1.000000 0.000002
-0.258820 -0.965926 -0.000000
-0.258820 -0.965926 -0.000000
-0.258820 -0.965926 -0.000000
-0.258820 -0.965926 -0.000000
-0.258820 -0.965926 -0.000000
-0.258820 -0.965926 -0.000000
0.707106 -0.707107 -0.000000
0.707106 -0.707107 -0.000000
0.707106 -0.707107 -0.000000
0.707106 -0.707107 -0.000000
0.707106 -0.707107 -0.000000
0.707106 -0.707107 -0.000000
0.965926 0.258820 0.000000
0.965926 0.258820 0.000000
0.965926 0.258820 0.000000
0.965926 0.258820 0.000000
0.965926 0.258820 0.000000
0.965926 0.258820 0.000000
0.258818 0.965926 0.000000
0.258818 0.965926 0.000000
0.258818 0.965926 0.000000
0.258818 0.965926 0.000000
0.258818 0.965926 0.000000
0.258818 0.965926 0.000000
-0.707106 0.707107 0.000000
-0.707106 0.707107 0.000000
-0.707106 0.707107 0.000000
-0.707106 0.707107 0.000000
-0.707106 0.707107 0.000000
-0.707106 0.707107 0.000000
-0.965926 -0.258819 -0.000000
-0.965926 -0.258819 -0.000000
-0.965926 -0.258819 -0.000000
-0.965926 -0.258819 -0.000000
-0.965926 -0.258819 -0.000000
-0.965926 -0.258819 -0.000000
0.000000 0.000000 1.000000
0.000000 0.000000 1.000000
0.000000 0.000000 1.000000
0.000000 0.000000 1.000000
0.000000 0.000000 1.000000
0.000000 0.000000 1.000000
0.000000 0.000000 1.000000
0.000000 0.000000 1.000000
0.000000 0.000000 1.000000
0.000000 0.000000 1.000000
0.000000 0.000000 1.000000
0.000000 0.000000 1.000000
0.000000 0.000000 -1.000000
0.000000 0.000000 -1.000000
0.000000 0.000000 -1.000000
0.000000 0.000000 -1.000000
0.000000 0.000000 -1.000000
0.000000 0.000000 -1.000000
0.000000 0.000000 -1.000000
0.000000 0.000000 -1.000000
0.000000 0.000000 -1.000000
0.000000 0.000000 -1.000000
0.000000 0.000000 -1.000000
0.000000 0.000000 -1.000000
</float_array>
          <technique_common>
            <accessor source="#Boat003-Normal0-array" count="558" stride="3">
              <param name="X" type="float"/>
              <param name="Y" type="float"/>
              <param name="Z" type="float"/>
            </accessor>
          </technique_common>
        </source>
        <source id="Boat003-UV0">
          <float_array id="Boat003-UV0-array" count="318">
0.225046 0.414205
0.224620 0.414205
0.220948 0.414205
0.212640 0.414205
0.216850 0.414205
0.212906 0.414205
0.218827 0.414205
0.225046 0.400990
0.223951 0.397338
0.224284 0.400990
0.218843 0.391187
0.218868 0.394455
0.222127 0.393974
0.222483 0.397434
0.212640 0.400990
0.213470 0.400990
0.213860 0.397338
0.215622 0.393974
0.215357 0.397434
0.224531 0.409800
0.224373 0.405395
0.225046 0.409800
0.225046 0.405395
0.213325 0.405395
0.213050 0.409800
0.212640 0.405395
0.212640 0.409800
0.220832 0.414007
0.224703 0.414007
0.216962 0.414007
0.212986 0.414007
0.212986 0.409846
0.212986 0.405686
0.212986 0.401525
0.214137 0.398076
0.215802 0.394899
0.218844 0.392267
0.221945 0.394899
0.223669 0.398076
0.224703 0.401525
0.224703 0.405686
0.224703 0.409846
0.118063 0.816263
0.118063 0.872093
0.117441 0.872096
0.117441 0.816260
0.118063 0.843956
0.117441 0.843959
0.118063 0.819187
0.117441 0.819191
0.096373 0.819187
0.100321 0.819191
0.074684 0.819187
0.083201 0.819191
0.052995 0.819187
0.066081 0.819191
0.035012 0.863935
0.051887 0.863938
0.018450 0.822468
0.038815 0.822471
0.004730 0.858218
0.027985 0.858215
0.018450 0.821004
0.038815 0.821001
0.035012 0.863932
0.051887 0.863929
0.052995 0.816263
0.066081 0.816260
0.074684 0.816263
0.083201 0.816260
0.096373 0.816263
0.100321 0.816260
0.045432 0.946677
0.042687 0.946677
0.040607 0.946677
0.044740 0.946677
0.039811 0.946677
0.042652 0.946677
0.045270 0.938603
0.042672 0.934610
0.042696 0.938603
0.044238 0.938603
0.042684 0.936607
0.044406 0.936430
0.040082 0.938603
0.041180 0.938603
0.040987 0.936430
0.045389 0.943986
0.045313 0.941295
0.044371 0.941295
0.044607 0.943986
0.042697 0.941295
0.042686 0.943986
0.040753 0.943986
0.041034 0.941295
0.040013 0.941295
0.039880 0.943986
0.224995 0.407163
0.224995 0.409289
0.224995 0.411473
0.222238 0.411473
0.219482 0.411473
0.216726 0.411473
0.214441 0.410840
0.212337 0.409926
0.210593 0.408255
0.212337 0.406551
0.214441 0.405605
0.216726 0.405037
0.219482 0.405037
0.222238 0.405037
0.224995 0.405037
0.225275 0.405037
0.225275 0.407163
0.225275 0.409289
0.225275 0.411473
0.222305 0.411473
0.219334 0.411473
0.216364 0.411473
0.213901 0.410840
0.211633 0.409926
0.209754 0.408255
0.211633 0.406551
0.213901 0.405605
0.216364 0.405037
0.219334 0.405037
0.222305 0.405037
0.024236 0.231305
0.022788 0.231305
0.022788 0.165462
0.024236 0.165462
0.021728 0.231305
0.021728 0.165462
0.024585 0.231305
0.024585 0.165462
0.023137 0.231305
0.023137 0.165462
0.022077 0.231305
0.022077 0.165462
0.024973 0.231305
0.024973 0.165462
0.024625 0.231305
0.024625 0.165462
0.023913 0.231305
0.022465 0.222484
0.022077 0.189562
0.023137 0.165462
0.024585 0.174283
0.024973 0.207205
0.021728 0.207205
0.024236 0.222483
0.022788 0.231305
0.022116 0.174283
0.023564 0.165462
0.024236 0.222483
0.021728 0.207205
0.024625 0.189562
0.024236 0.222483
0.023564 0.165462
</float_array>
          <technique_common>
            <accessor source="#Boat003-UV0-array" count="159" stride="2">
              <param name="S" type="float"/>
              <param name="T" type="float"/>
            </accessor>
          </technique_common>
        </source>
        <vertices id="Boat003-VERTEX">
          <input semantic="POSITION" source="#Boat003-POSITION"/>
        </vertices>
        <triangles count="186" material="_01 - Default"><input semantic="VERTEX" offset="0" source="#Boat003-VERTEX"/><input semantic="NORMAL" offset="1" source="#Boat003-Normal0"/><input semantic="TEXCOORD" offset="2" set="0" source="#Boat003-UV0"/><p> 0 0 0 12 1 2 7 2 1 5 3 73 8 4 75 9 5 74 3 6 3 10 7 5 11 8 4 7 9 1 12 10 2 29 11 6 9 12 74 8 13 75 29 14 77 11 15 4 10 16 5 29 17 6 7 18 72 29 19 77 8 20 75 9 21 74 29 22 77 10 23 76 11 24 4 29 25 6 12 26 2 1 27 7 18 28 9 13 29 8 2 30 10 14 31 12 15 32 11 6 33 80 16 34 82 17 35 81 13 36 8 18 37 9 30 38 13 15 39 11 14 40 12 30 41 13 17 42 81 16 43 82 30 44 83 13 45 8 30 46 13 14 47 12 15 48 79 30 49 83 16 50 82 17 51 81 30 52 83 18 53 78 4 54 14 22 55 16 19 56 15 6 57 80 20 58 85 16 59 82 2 60 10 15 61 11 21 62 17 19 63 15 22 64 16 31 65 18 16 66 82 20 67 85 31 68 86 21 69 17 15 70 11 31 71 18 19 72 84 31 73 86 20 74 85 16 75 82 31 76 86 15 77 79 21 78 17 31 79 18 22 80 16 32 81 87 34 82 90 35 83 89 35 84 89 33 85 88 32 86 87 0 87 0 7 88 1 32 89 19 32 90 19 23 91 21 0 92 0 18 93 9 1 94 7 24 95 22 24 96 22 33 97 20 18 98 9 6 99 80 17 100 81 35 101 89 35 102 89 25 103 91 6 104 80 8 105 75 5 106 73 26 107 92 26 108 92 34 109 90 8 110 75 23 111 21 32 112 19 33 113 20 33 114 20 24 115 22 23 116 21 17 117 81 18 118 78 33 119 88 33 120 88 35 121 89 17 122 81 25 123 91 35 124 89 34 125 90 34 126 90 26 127 92 25 128 91 7 129 72 8 130 75 34 131 90 34 132 90 32 133 87 7 134 72 36 135 93 38 136 96 39 137 95 39 138 95 37 139 94 36 140 93 5 141 73 9 142 74 36 143 93 36 144 93 26 145 92 5 146 73 20 147 85 6 148 80 25 149 91 25 150 91 37 151 94 20 152 85 4 153 14 19 154 15 39 155 23 39 156 23 27 157 25 4 158 14 10 159 5 3 160 3 28 161 26 28 162 26 38 163 24 10 164 5 26 165 92 36 166 93 37 167 94 37 168 94 25 169 91 26 170 92 19 171 84 20 172 85 37 173 94 37 174 94 39 175 95 19 176 84 27 177 25 39 178 23 38 179 24 38 180 24 28 181 26 27 182 25 9 183 74 10 184 76 38 185 96 38 186 96 36 187 93 9 188 74 0 189 0 40 190 28 41 191 27 41 192 27 12 193 2 0 194 0 12 195 2 41 196 27 42 197 29 42 198 29 11 199 4 12 200 2 11 201 4 42 202 29 43 203 30 43 204 30 3 205 3 11 206 4 3 207 3 43 208 30 44 209 31 44 210 31 28 211 26 3 212 3 28 213 26 44 214 31 45 215 32 45 216 32 27 217 25 28 218 26 27 219 25 45 220 32 46 221 33 46 222 33 4 223 14 27 224 25 4 225 14 46 226 33 47 227 34 47 228 34 22 229 16 4 230 14 22 231 16 47 232 34 48 233 35 48 234 35 21 235 17 22 236 16 21 237 17 48 238 35 49 239 36 49 240 36 2 241 10 21 242 17 2 243 10 49 244 36 50 245 37 50 246 37 14 247 12 2 248 10 14 249 12 50 250 37 51 251 38 51 252 38 13 253 8 14 254 12 13 255 8 51 256 38 52 257 39 52 258 39 1 259 7 13 260 8 1 261 7 52 262 39 53 263 40 53 264 40 24 265 22 1 266 7 24 267 22 53 268 40 54 269 41 54 270 41 23 271 21 24 272 22 23 273 21 54 274 41 40 275 28 40 276 28 0 277 0 23 278 21 40 279 42 55 280 45 56 281 44 56 282 44 41 283 43 40 284 42 41 285 43 56 286 44 57 287 47 57 288 47 42 289 46 41 290 43 42 291 46 57 292 47 58 293 49 58 294 49 43 295 48 42 296 46 43 297 48 58 298 49 59 299 51 59 300 51 44 301 50 43 302 48 44 303 50 59 304 51 60 305 53 60 306 53 45 307 52 44 308 50 45 309 52 60 310 53 61 311 55 61 312 55 46 313 54 45 314 52 46 315 54 61 316 55 62 317 57 62 318 57 47 319 56 46 320 54 47 321 56 62 322 57 63 323 59 63 324 59 48 325 58 47 326 56 48 327 58 63 328 59 64 329 61 64 330 61 49 331 60 48 332 58 49 333 60 64 334 61 65 335 63 65 336 63 50 337 62 49 338 60 50 339 62 65 340 63 66 341 65 66 342 65 51 343 64 50 344 62 51 345 64 66 346 65 67 347 67 67 348 67 52 349 66 51 350 64 52 351 66 67 352 67 68 353 69 68 354 69 53 355 68 52 356 66 53 357 68 68 358 69 69 359 71 69 360 71 54 361 70 53 362 68 54 363 70 69 364 71 55 365 45 55 366 45 40 367 42 54 368 70 71 369 97 70 370 111 84 371 110 71 372 97 84 373 110 83 374 109 83 375 109 82 376 108 81 377 107 71 378 97 83 379 109 81 380 107 81 381 107 80 382 106 79 383 105 79 384 105 78 385 104 77 386 103 81 387 107 79 388 105 77 389 103 71 390 97 81 391 107 77 392 103 77 393 103 76 394 102 75 395 101 77 396 103 75 397 101 74 398 100 71 399 97 77 400 103 74 401 100 74 402 100 73 403 99 72 404 98 71 405 97 74 406 100 72 407 98 55 408 112 70 409 111 71 410 97 71 411 97 56 412 113 55 413 112 56 414 113 71 415 97 72 416 98 72 417 98 57 418 114 56 419 113 57 420 114 72 421 98 73 422 99 73 423 99 58 424 115 57 425 114 58 426 115 73 427 99 74 428 100 74 429 100 59 430 116 58 431 115 59 432 116 74 433 100 75 434 101 75 435 101 60 436 117 59 437 116 60 438 117 75 439 101 76 440 102 76 441 102 61 442 118 60 443 117 61 444 118 76 445 102 77 446 103 77 447 103 62 448 119 61 449 118 62 450 119 77 451 103 78 452 104 78 453 104 63 454 120 62 455 119 63 456 120 78 457 104 79 458 105 79 459 105 64 460 121 63 461 120 64 462 121 79 463 105 80 464 106 80 465 106 65 466 122 64 467 121 65 468 122 80 469 106 81 470 107 81 471 107 66 472 123 65 473 122 66 474 123 81 475 107 82 476 108 82 477 108 67 478 124 66 479 123 67 480 124 82 481 108 83 482 109 83 483 109 68 484 125 67 485 124 68 486 125 83 487 109 84 488 110 84 489 110 69 490 126 68 491 125 69 492 126 84 493 110 70 494 111 70 495 111 55 496 112 69 497 126 92 498 129 86 499 128 85 500 127 85 501 127 91 502 130 92 503 129 93 504 132 87 505 131 86 506 128 86 507 128 92 508 129 93 509 132 94 510 134 88 511 133 87 512 139 87 513 139 93 514 140 94 515 134 95 516 136 89 517 135 88 518 133 88 519 133 94 520 134 95 521 136 96 522 138 90 523 137 89 524 135 89 525 135 95 526 136 96 527 138 91 528 130 85 529 127 90 530 141 90 531 141 96 532 142 91 533 130 89 534 146 90 535 145 85 536 144 88 537 147 89 538 146 85 539 144 87 540 148 88 541 147 85 542 144 86 543 143 87 544 148 85 545 144 93 546 149 92 547 151 91 548 150 91 549 154 95 550 153 94 551 152 94 552 152 93 553 155 91 554 154 96 555 156 95 556 158 91 557 157</p></triangles>
      </mesh>
    </geometry>
    <geometry id="Sail2-lib" name="Sail2Mesh">
      <mesh>
        <source id="Sail2-POSITION">
          <float_array id="Sail2-POSITION-array" count="93">
2.115952 -107.239113 -4.081720
2.115952 -108.533203 0.747871
2.115952 -104.997673 4.283430
2.116074 -100.168030 2.989325
2.115952 -98.873947 -1.840301
2.115952 -102.409470 -5.375824
481.129547 -107.239159 -4.081720
481.129547 -108.533249 0.747871
481.129547 -104.997719 4.283430
481.129547 -100.168076 2.989325
481.129547 -98.873993 -1.840301
481.129547 -102.409515 -5.375824
24.512299 -107.506340 18.885485
16.533173 -107.506454 741.203905
480.406586 -107.506340 13.561144
24.512299 -107.506355 161.313250
24.512299 -107.506401 413.439592
183.012054 -107.506416 506.554369
331.709320 -107.506378 271.905016
265.621552 -107.506340 16.124712
100.402435 -107.506340 18.096697
133.446320 -102.036400 206.581408
24.512299 -102.036377 18.885485
24.512299 -102.036392 161.313250
24.512299 -102.036438 413.439592
16.533173 -102.036491 741.203905
183.012054 -102.036453 506.554369
331.709320 -102.036415 271.905016
480.406586 -102.036377 13.561144
265.621552 -102.036377 16.124712
100.402435 -102.036377 18.096697
</float_array>
          <technique_common>
            <accessor source="#Sail2-POSITION-array" count="31" stride="3">
              <param name="X" type="float"/>
              <param name="Y" type="float"/>
              <param name="Z" type="float"/>
            </accessor>
          </technique_common>
        </source>
        <source id="Sail2-Normal0">
          <float_array id="Sail2-Normal0-array" count="486">
-0.000000 -0.965926 -0.258820
-0.000000 -0.965926 -0.258820
-0.000000 -0.965926 -0.258820
-0.000000 -0.965926 -0.258820
-0.000000 -0.965926 -0.258820
-0.000000 -0.965926 -0.258820
-0.000000 -0.707110 0.707104
-0.000000 -0.707110 0.707104
-0.000000 -0.707110 0.707104
-0.000000 -0.707110 0.707104
-0.000000 -0.707110 0.707104
-0.000000 -0.707110 0.707104
0.000000 0.258820 0.965926
0.000000 0.258820 0.965926
0.000000 0.258820 0.965926
0.000000 0.258820 0.965926
0.000000 0.258820 0.965925
0.000000 0.258820 0.965926
0.000000 0.965926 0.258817
0.000000 0.965926 0.258817
0.000000 0.965926 0.258817
0.000000 0.965926 0.258817
0.000000 0.965926 0.258817
0.000000 0.965926 0.258817
0.000000 0.707107 -0.707107
0.000000 0.707107 -0.707107
0.000000 0.707107 -0.707107
0.000000 0.707107 -0.707107
0.000000 0.707107 -0.707107
0.000000 0.707107 -0.707107
-0.000000 -0.258820 -0.965926
-0.000000 -0.258820 -0.965926
-0.000000 -0.258820 -0.965926
-0.000000 -0.258820 -0.965926
-0.000000 -0.258820 -0.965926
-0.000000 -0.258820 -0.965926
-1.000000 -0.000005 0.000018
-1.000000 0.000000 0.000000
-1.000000 0.000004 0.000004
-1.000000 0.000009 0.000009
-1.000000 -0.000005 0.000018
-1.000000 0.000004 0.000004
-1.000000 0.000018 -0.000005
-1.000000 0.000009 0.000009
-1.000000 0.000004 0.000004
-1.000000 0.000000 0.000000
-1.000000 0.000018 -0.000005
-1.000000 0.000004 0.000004
1.000000 0.000000 0.000000
1.000000 0.000000 0.000000
1.000000 0.000000 0.000000
1.000000 0.000000 0.000000
1.000000 0.000000 0.000000
1.000000 0.000000 0.000000
1.000000 0.000000 0.000000
1.000000 0.000000 0.000000
1.000000 0.000000 0.000000
1.000000 0.000000 0.000000
1.000000 0.000000 0.000000
1.000000 0.000000 0.000000
-0.000000 -1.000000 -0.000000
-0.000000 -1.000000 -0.000000
-0.000000 -1.000000 -0.000000
-0.000000 -1.000000 -0.000000
0.000000 -1.000000 -0.000000
-0.000000 -1.000000 -0.000000
-0.000000 -1.000000 -0.000000
-0.000000 -1.000000 -0.000000
-0.000000 -1.000000 -0.000000
-0.000000 -1.000000 -0.000000
-0.000000 -1.000000 -0.000000
-0.000000 -1.000000 -0.000000
-0.000000 -1.000000 -0.000000
0.000000 -1.000000 -0.000000
-0.000000 -1.000000 -0.000000
-0.000000 -1.000000 -0.000000
-0.000000 -1.000000 -0.000000
-0.000000 -1.000000 -0.000000
-0.000000 -1.000000 -0.000000
-0.000000 -1.000000 -0.000000
0.000000 -1.000000 -0.000000
-0.000000 -1.000000 -0.000000
-0.000000 -1.000000 -0.000000
-0.000000 -1.000000 -0.000000
-0.000000 -1.000000 -0.000000
-0.000000 -1.000000 -0.000000
-0.000000 -1.000000 -0.000000
1.000000 0.000000 0.000000
1.000000 0.000000 0.000000
1.000000 0.000000 0.000000
1.000000 0.000000 0.000000
1.000000 0.000000 0.000000
1.000000 0.000000 0.000000
1.000000 0.000000 0.000000
1.000000 0.000000 0.000000
1.000000 0.000000 0.000000
1.000000 0.000000 0.000000
1.000000 0.000000 0.000000
1.000000 0.000000 0.000000
0.999704 0.000000 0.024337
0.999704 0.000000 0.024337
0.999704 0.000000 0.024337
0.999704 0.000000 0.024337
0.999704 0.000000 0.024337
0.999704 0.000000 0.024337
-0.815584 0.000000 -0.578639
-0.815584 0.000000 -0.578639
-0.815584 0.000000 -0.578639
-0.815584 0.000000 -0.578639
-0.815584 0.000000 -0.578639
-0.815584 0.000000 -0.578639
-0.844679 0.000000 -0.535273
-0.844679 0.000000 -0.535273
-0.844679 0.000000 -0.535273
-0.844679 0.000000 -0.535273
-0.844679 0.000000 -0.535273
-0.844679 0.000000 -0.535273
-0.866689 0.000000 -0.498848
-0.866689 0.000000 -0.498848
-0.866689 0.000000 -0.498848
-0.866689 0.000000 -0.498848
-0.866689 0.000000 -0.498848
-0.866689 0.000000 -0.498848
0.011935 0.000000 0.999929
0.011935 0.000000 0.999929
0.011935 0.000000 0.999929
0.011935 0.000000 0.999929
0.011935 0.000000 0.999929
0.011935 0.000000 0.999929
0.011935 0.000000 0.999929
0.011935 0.000000 0.999929
0.011935 0.000000 0.999929
0.011935 0.000000 0.999929
0.011935 0.000000 0.999929
0.011935 0.000000 0.999929
0.010393 0.000000 0.999946
0.010393 0.000000 0.999946
0.010393 0.000000 0.999946
0.010393 0.000000 0.999946
0.010393 0.000000 0.999946
0.010393 0.000000 0.999946
0.000000 1.000000 0.000000
0.000000 1.000000 0.000000
0.000000 1.000000 0.000000
-0.000000 1.000000 0.000000
-0.000000 1.000000 0.000000
-0.000000 1.000000 0.000000
0.000000 1.000000 0.000000
0.000000 1.000000 0.000000
0.000000 1.000000 0.000000
0.000000 1.000000 0.000000
0.000000 1.000000 0.000000
0.000000 1.000000 0.000000
0.000000 1.000000 0.000000
0.000000 1.000000 0.000000
0.000000 1.000000 0.000000
0.000000 1.000000 0.000000
0.000000 1.000000 0.000000
0.000000 1.000000 0.000000
0.000000 1.000000 0.000000
0.000000 1.000000 0.000000
0.000000 1.000000 0.000000
</float_array>
          <technique_common>
            <accessor source="#Sail2-Normal0-array" count="162" stride="3">
              <param name="X" type="float"/>
              <param name="Y" type="float"/>
              <param name="Z" type="float"/>
            </accessor>
          </technique_common>
        </source>
        <source id="Sail2-UV0">
          <float_array id="Sail2-UV0-array" count="162">
0.024101 0.162508
0.024409 0.162505
0.025039 0.219965
0.024731 0.219969
0.024634 0.162503
0.025265 0.219963
0.025158 0.217757
0.024528 0.160297
0.024850 0.217761
0.024219 0.160300
0.024624 0.217763
0.023994 0.160303
0.025241 0.217756
0.024610 0.160296
0.024018 0.162509
0.024649 0.219970
0.024799 0.198088
0.024456 0.194894
0.024243 0.182961
0.024372 0.174223
0.024715 0.177417
0.024929 0.189350
0.024946 0.190909
0.024352 0.185377
0.024625 0.182176
0.024994 0.202844
0.024721 0.206045
0.024352 0.185377
0.024946 0.190909
0.024400 0.197311
0.024352 0.185377
0.024721 0.206045
0.217864 0.844212
0.207949 0.851353
0.208210 0.830651
0.215909 0.845620
0.212448 0.848112
0.201442 0.835525
0.204664 0.833205
0.211826 0.836332
0.213368 0.838473
0.189633 0.842795
0.193226 0.842351
0.191271 0.843759
0.187810 0.846252
0.183385 0.849595
0.185052 0.845119
0.186886 0.840872
0.189045 0.836392
0.191014 0.839200
0.192529 0.841360
0.207243 0.833586
0.209198 0.832178
0.203782 0.836078
0.207243 0.833586
0.199283 0.839319
0.203782 0.836078
0.198221 0.837844
0.210109 0.847559
0.206887 0.849879
0.213330 0.845239
0.210109 0.847559
0.216876 0.842685
0.213330 0.845239
0.209822 0.833549
0.201674 0.843643
0.199670 0.840860
0.203216 0.845784
0.201674 0.843643
0.214076 0.839456
0.203924 0.846767
0.203216 0.845784
0.194446 0.844046
0.195165 0.845021
0.196734 0.847143
0.198773 0.849900
0.193839 0.850527
0.189231 0.850920
0.184456 0.851083
0.189030 0.847946
0.192491 0.845454
</float_array>
          <technique_common>
            <accessor source="#Sail2-UV0-array" count="81" stride="2">
              <param name="S" type="float"/>
              <param name="T" type="float"/>
            </accessor>
          </technique_common>
        </source>
        <vertices id="Sail2-VERTEX">
          <input semantic="POSITION" source="#Sail2-POSITION"/>
        </vertices>
        <triangles count="54" material="_01 - Default"><input semantic="VERTEX" offset="0" source="#Sail2-VERTEX"/><input semantic="NORMAL" offset="1" source="#Sail2-Normal0"/><input semantic="TEXCOORD" offset="2" set="0" source="#Sail2-UV0"/><p> 7 0 2 1 1 1 0 2 0 0 3 0 6 4 3 7 5 2 8 6 5 2 7 4 1 8 1 1 9 1 7 10 2 8 11 5 9 12 7 3 13 6 2 14 12 2 15 12 8 16 13 9 17 7 10 18 9 4 19 8 3 20 6 3 21 6 9 22 7 10 23 9 11 24 11 5 25 10 4 26 8 4 27 8 10 28 9 11 29 11 6 30 3 0 31 0 5 32 14 5 33 14 11 34 15 6 35 3 4 36 19 5 37 18 0 38 17 3 39 20 4 40 19 0 41 17 2 42 21 3 43 20 0 44 17 1 45 16 2 46 21 0 47 17 8 48 22 7 49 24 6 50 23 6 51 27 10 52 26 9 53 25 9 54 25 8 55 28 6 56 27 11 57 29 10 58 31 6 59 30 22 60 42 30 61 50 23 62 43 25 63 45 24 64 44 26 65 46 28 66 48 27 67 47 29 68 49 23 69 43 30 70 50 21 71 41 26 72 46 24 73 44 21 74 41 29 75 49 27 76 47 21 77 41 23 78 43 21 79 41 24 80 44 26 81 46 21 82 41 27 83 47 29 84 49 21 85 41 30 86 50 12 87 32 22 88 52 23 89 51 23 90 51 15 91 35 12 92 32 15 93 35 23 94 54 24 95 53 24 96 53 16 97 36 15 98 35 16 99 36 24 100 56 25 101 55 25 102 55 13 103 33 16 104 36 13 105 57 25 106 59 26 107 58 26 108 58 17 109 37 13 110 57 17 111 37 26 112 61 27 113 60 27 114 60 18 115 38 17 116 37 18 117 38 27 118 63 28 119 62 28 120 62 14 121 34 18 122 38 14 123 64 28 124 66 29 125 65 29 126 65 19 127 39 14 128 64 19 129 39 29 130 68 30 131 67 30 132 67 20 133 40 19 134 39 20 135 40 30 136 71 22 137 70 22 138 70 12 139 69 20 140 40 16 141 79 13 142 78 17 143 77 17 144 77 18 145 76 14 146 75 14 147 75 19 148 74 20 149 73 17 150 77 14 151 75 20 152 73 16 153 79 17 154 77 20 155 73 15 156 80 16 157 79 20 158 73 12 159 72 15 160 80 20 161 73</p></triangles>
      </mesh>
    </geometry>
    <geometry id="Sail1-lib" name="Sail1Mesh">
      <mesh>
        <source id="Sail1-POSITION">
          <float_array id="Sail1-POSITION-array" count="57">
-13.002960 0.000044 20.819183
-557.614502 0.000046 11.794220
-19.989838 -0.000090 841.937164
-201.772499 0.000045 17.810883
-379.693512 0.000045 14.802521
-388.130722 0.000000 288.508554
-218.647026 -0.000045 565.222870
-17.660858 -0.000045 568.231140
-15.331879 -0.000000 294.525146
-210.209767 -5.469959 291.516879
-13.002960 -5.469915 20.819183
-201.772499 -5.469914 17.810883
-379.693512 -5.469914 14.802521
-557.614502 -5.469913 11.794220
-388.130722 -5.469959 288.508554
-218.647026 -5.470004 565.222870
-19.989838 -5.470049 841.937164
-17.660858 -5.470005 568.231140
-15.331879 -5.469960 294.525146
</float_array>
          <technique_common>
            <accessor source="#Sail1-POSITION-array" count="19" stride="3">
              <param name="X" type="float"/>
              <param name="Y" type="float"/>
              <param name="Z" type="float"/>
            </accessor>
          </technique_common>
        </source>
        <source id="Sail1-Normal0">
          <float_array id="Sail1-Normal0-array" count="306">
-0.000000 -1.000000 -0.000000
-0.000000 -1.000000 -0.000000
-0.000000 -1.000000 -0.000000
0.000000 -1.000000 -0.000000
0.000000 -1.000000 -0.000000
0.000000 -1.000000 -0.000000
0.000000 -1.000000 -0.000000
0.000000 -1.000000 -0.000000
0.000000 -1.000000 -0.000000
-0.000000 -1.000000 -0.000000
-0.000000 -1.000000 -0.000000
0.000000 -1.000000 -0.000000
0.000000 -1.000000 -0.000000
0.000000 -1.000000 -0.000000
0.000000 -1.000000 -0.000000
0.000000 -1.000000 -0.000000
0.000000 -1.000000 -0.000000
0.000000 -1.000000 -0.000000
-0.000000 -1.000000 -0.000000
0.000000 -1.000000 -0.000000
0.000000 -1.000000 -0.000000
0.000000 -1.000000 -0.000000
0.000000 -1.000000 -0.000000
0.000000 -1.000000 -0.000000
0.000000 -1.000000 -0.000000
0.000000 -1.000000 -0.000000
-0.000000 -1.000000 -0.000000
0.015934 0.000000 -0.999873
0.015934 0.000000 -0.999873
0.015934 0.000000 -0.999873
0.015934 0.000000 -0.999873
0.015934 0.000000 -0.999873
0.015934 0.000000 -0.999873
0.016906 0.000000 -0.999857
0.016906 0.000000 -0.999857
0.016906 0.000000 -0.999857
0.016906 0.000000 -0.999857
0.016906 0.000000 -0.999857
0.016906 0.000000 -0.999857
0.016906 0.000000 -0.999857
0.016906 0.000000 -0.999857
0.016906 0.000000 -0.999857
0.016906 0.000000 -0.999857
0.016906 0.000000 -0.999857
0.016906 0.000000 -0.999857
-0.852760 0.000000 0.522304
-0.852759 0.000000 0.522304
-0.852760 0.000000 0.522304
-0.852760 -0.000000 0.522304
-0.852760 -0.000000 0.522304
-0.852760 -0.000000 0.522304
-0.852760 -0.000000 0.522304
-0.852760 -0.000000 0.522304
-0.852760 -0.000000 0.522304
-0.852760 0.000000 0.522304
-0.852760 0.000000 0.522304
-0.852760 0.000000 0.522304
-0.812337 0.000000 0.583188
-0.812337 0.000000 0.583188
-0.812337 0.000000 0.583188
-0.812337 0.000000 0.583188
-0.812337 0.000000 0.583188
-0.812337 0.000000 0.583188
0.999964 0.000000 0.008509
0.999964 0.000000 0.008509
0.999964 0.000000 0.008509
0.999964 0.000000 0.008509
0.999964 0.000000 0.008509
0.999964 0.000000 0.008509
0.999964 0.000000 0.008509
0.999964 0.000000 0.008509
0.999964 0.000000 0.008509
0.999964 -0.000000 0.008509
0.999964 -0.000000 0.008509
0.999964 -0.000000 0.008509
0.999964 -0.000000 0.008509
0.999964 -0.000000 0.008509
0.999964 -0.000000 0.008509
0.999964 0.000000 0.008509
0.999964 0.000000 0.008509
0.999964 0.000000 0.008509
0.000000 1.000000 0.000000
0.000000 1.000000 0.000000
0.000000 1.000000 0.000000
0.000000 1.000000 0.000000
0.000000 1.000000 0.000000
0.000000 1.000000 0.000000
-0.000000 1.000000 0.000000
-0.000000 1.000000 0.000000
-0.000000 1.000000 0.000000
-0.000000 1.000000 0.000000
-0.000000 1.000000 0.000000
-0.000000 1.000000 0.000000
-0.000000 1.000000 0.000000
-0.000000 1.000000 0.000000
-0.000000 1.000000 0.000000
-0.000000 1.000000 0.000000
-0.000000 1.000000 0.000000
-0.000000 1.000000 0.000000
0.000000 1.000000 0.000000
0.000000 1.000000 0.000000
0.000000 1.000000 0.000000
</float_array>
          <technique_common>
            <accessor source="#Sail1-Normal0-array" count="102" stride="3">
              <param name="X" type="float"/>
              <param name="Y" type="float"/>
              <param name="Z" type="float"/>
            </accessor>
          </technique_common>
        </source>
        <source id="Sail1-UV0">
          <float_array id="Sail1-UV0-array" count="98">
0.203509 0.848812
0.198427 0.841755
0.206565 0.852349
0.201747 0.846366
0.200087 0.844061
0.214162 0.846878
0.210363 0.849614
0.200595 0.836136
0.204352 0.833430
0.191715 0.848147
0.193591 0.842916
0.195393 0.845332
0.197095 0.847608
0.198796 0.849884
0.193416 0.850423
0.188036 0.850963
0.182384 0.851124
0.186119 0.848388
0.189855 0.845652
0.211899 0.839055
0.213661 0.841501
0.210239 0.836750
0.211899 0.839055
0.208579 0.834445
0.210239 0.836750
0.217961 0.844143
0.205496 0.834844
0.209295 0.832109
0.201697 0.837579
0.205496 0.834844
0.197899 0.840315
0.201697 0.837579
0.196838 0.838841
0.209261 0.848170
0.205504 0.850876
0.213018 0.845464
0.209261 0.848170
0.208109 0.830724
0.216775 0.842758
0.213018 0.845464
0.194026 0.843521
0.190247 0.846196
0.186468 0.848872
0.182689 0.851548
0.184634 0.846238
0.186851 0.841307
0.189068 0.836375
0.190687 0.838710
0.192306 0.841045
</float_array>
          <technique_common>
            <accessor source="#Sail1-UV0-array" count="49" stride="2">
              <param name="S" type="float"/>
              <param name="T" type="float"/>
            </accessor>
          </technique_common>
        </source>
        <vertices id="Sail1-VERTEX">
          <input semantic="POSITION" source="#Sail1-POSITION"/>
        </vertices>
        <triangles count="34" material="_01 - Default"><input semantic="VERTEX" offset="0" source="#Sail1-VERTEX"/><input semantic="NORMAL" offset="1" source="#Sail1-Normal0"/><input semantic="TEXCOORD" offset="2" set="0" source="#Sail1-UV0"/><p> 10 0 10 18 1 18 11 2 11 13 3 13 12 4 12 14 5 14 16 6 16 15 7 15 17 8 17 11 9 11 18 10 18 9 11 9 14 12 14 12 13 12 9 14 9 17 15 17 15 16 15 9 17 9 11 18 11 9 19 9 12 20 12 14 21 14 9 22 9 15 23 15 17 24 17 9 25 9 18 26 18 0 27 0 10 28 20 11 29 19 11 30 19 3 31 3 0 32 0 3 33 3 11 34 22 12 35 21 12 36 21 4 37 4 3 38 3 4 39 4 12 40 24 13 41 23 13 42 23 1 43 1 4 44 4 1 45 25 13 46 27 14 47 26 14 48 26 5 49 5 1 50 25 5 51 5 14 52 29 15 53 28 15 54 28 6 55 6 5 56 5 6 57 6 15 58 31 16 59 30 16 60 30 2 61 2 6 62 6 2 63 32 16 64 34 17 65 33 17 66 33 7 67 7 2 68 32 7 69 7 17 70 36 18 71 35 18 72 35 8 73 8 7 74 7 8 75 8 18 76 39 10 77 38 10 78 38 0 79 37 8 80 8 4 81 47 1 82 46 5 83 45 4 84 47 5 85 45 6 86 44 6 87 44 2 88 43 7 89 42 6 90 44 7 91 42 8 92 41 4 93 47 6 94 44 8 95 41 3 96 48 4 97 47 8 98 41 0 99 40 3 100 48 8 101 41</p></triangles>
      </mesh>
    </geometry>
    <geometry id="Boat004-lib" name="Boat004Mesh">
      <mesh>
        <source id="Boat004-POSITION">
          <float_array id="Boat004-POSITION-array" count="888">
464.753967 50.751766 63.234535
464.753906 39.914387 5.873943
464.754028 -53.381706 64.159279
464.754028 -105.433121 -29.847408
464.753906 -215.600189 -13.851986
464.754089 3.289223 -17.676105
464.753967 -264.484314 63.234509
464.753906 -157.515182 65.084015
464.754089 -257.742981 5.874199
464.753845 -107.290260 5.873920
-218.600632 50.751823 63.234535
-407.457672 22.927622 63.234535
-218.600632 31.376394 5.873413
-725.485718 -106.866165 63.234524
-556.524048 -106.232231 5.873402
-581.393250 -23.432922 63.234528
-218.600647 -104.964462 -46.527958
-218.600616 -23.301062 -35.774525
-387.562317 -105.598366 -36.536427
-402.483856 -14.393949 5.873104
-218.600662 -264.484253 63.234509
-218.600647 -243.415115 5.873383
-407.457703 -233.504700 63.916702
-218.600632 -185.229385 -35.847454
-581.393188 -188.721771 63.575611
-402.483887 -195.462189 5.873100
236.968994 37.652924 5.873669
9.184189 33.637817 5.873463
9.184250 -16.270441 -36.926044
236.969086 -3.741409 -31.924114
236.968994 50.751774 63.234535
9.184219 50.751804 63.234535
9.184235 -104.901199 -50.092350
236.969177 -105.496376 -47.072361
236.968964 -207.863098 -29.110332
9.184174 -192.966415 -35.988628
9.184250 -247.081924 5.873505
236.969055 -254.076218 5.873848
9.184204 -264.484222 63.234509
236.969116 -264.484283 63.234509
454.488831 -56.329865 59.025681
454.488831 42.020714 59.024361
454.488831 -154.680435 59.027000
454.488831 -255.709183 59.024334
-190.916687 -255.709122 59.024334
-369.285889 -226.449982 59.025318
-533.562073 -184.154007 59.024830
-669.652649 -106.844116 59.024345
-533.562134 -28.044245 59.024353
-369.285828 15.741745 59.024357
-190.916656 42.020771 59.024361
432.808716 -63.932419 59.020607
432.808716 28.317101 59.019287
432.808716 -156.181946 59.021927
432.808716 -250.943512 59.019260
-76.623909 -250.943466 59.019260
-217.414581 -223.499405 59.020245
-347.081299 -183.827194 59.019756
-454.500519 -111.313118 59.019276
-347.081360 -37.401451 59.019279
-217.414520 3.668317 59.019283
-76.623886 28.317144 59.019287
-204.820389 -213.936813 95.694977
-306.398010 -177.611191 95.441963
-390.547546 -111.214081 95.188957
-306.398102 -43.537270 95.188965
-217.501816 -5.931933 95.188965
-187.279724 -210.148911 111.412231
-281.908508 -175.151337 111.159225
-360.301392 -111.181656 110.906212
-281.908569 -45.979038 110.906219
-199.093643 -9.748521 110.906219
-155.434875 -201.333633 141.753967
-240.558716 -169.331131 141.822540
-310.791779 -111.106316 141.878250
-242.868927 -51.438526 141.308563
-168.742096 -17.935860 141.001831
-142.819183 -165.645081 181.609451
-190.596008 -113.159546 181.625504
-142.819168 -59.662453 181.608856
-143.979553 -24.615520 164.638336
-213.882324 -55.492134 164.642685
-280.052551 -111.059563 164.659973
-213.882294 -165.576294 164.643295
-134.007614 -195.402161 164.639572
-122.245331 -194.358185 181.602005
-199.144043 -165.643570 181.605591
-262.848907 -113.158020 181.621643
-199.144073 -59.660946 181.604996
-131.845749 -29.934742 181.600815
429.149170 26.266537 65.369568
429.149170 -248.858154 65.369560
429.217896 -64.603897 65.369568
429.283508 -78.877167 65.369568
429.284119 -155.525177 65.369568
429.150452 -170.728821 65.369568
429.217285 11.750766 65.369568
-76.639214 26.266581 65.369568
-76.639236 -248.858109 65.369560
-118.312431 18.970669 65.369568
-98.820786 -244.535858 65.369560
-118.312439 -240.736450 65.369560
-118.312431 -2.962303 125.946320
-118.312431 3.643921 110.906219
-118.312439 -224.139587 111.119812
-118.312439 -215.344894 128.666672
-118.312431 5.957375 105.612259
-118.312431 9.968707 95.188965
-118.312439 -228.185883 101.292931
-118.312439 -195.163712 181.601959
-118.312439 -198.616776 164.639374
-118.312439 -194.358353 181.602417
-118.312439 -208.877319 142.018295
-118.312439 -200.449234 160.645645
-118.312431 -64.809929 202.762512
-118.312431 -57.650444 195.264023
-118.312431 -45.228806 181.606827
-118.312431 -27.669456 181.600815
-118.312424 -20.319206 164.638336
-118.312431 -29.935253 181.602142
-118.312431 -27.913334 181.601257
-118.312431 -10.524887 142.278183
-118.312424 -18.159027 159.301666
-118.312439 -160.495163 202.854279
-118.312439 -124.532806 225.661713
-118.312439 -177.846893 181.607941
-118.312439 -113.036964 233.106659
-118.312439 -87.737045 217.650894
-118.312431 -37.163094 181.604752
-118.312439 -230.905624 95.353271
-118.312431 12.803041 84.494812
-118.312439 -238.909180 70.945930
326.412262 -87.788727 62.034184
326.447174 -95.379181 62.034184
326.447479 -136.140182 62.034184
326.376404 -144.225403 62.034184
326.375702 -185.774170 62.034184
57.400146 -185.774139 62.034184
45.604095 -183.475571 62.034184
35.238541 -181.455078 62.034184
35.238556 -43.344223 62.034184
57.400162 -39.464302 62.034184
326.375732 -39.464325 62.034184
326.411926 -47.183731 62.034184
326.412262 -87.788727 51.421082
326.447174 -95.379181 51.421082
326.447479 -136.140182 51.421082
326.376404 -144.225403 51.421082
326.375702 -185.774170 51.421082
57.400146 -185.774139 51.421082
45.604095 -183.475571 51.421082
35.238541 -181.455078 51.421082
35.238556 -43.344223 51.421085
57.400162 -39.464302 51.421085
326.375732 -39.464325 51.421085
326.411926 -47.183731 51.421085
123.047119 -166.377121 119.418320
137.820251 -180.007874 119.418320
123.047119 -166.377121 147.559509
137.820251 -180.007874 147.559509
137.451752 -150.765274 119.418327
152.224884 -164.396011 119.418320
137.451752 -150.765274 147.559509
152.224884 -164.396027 147.559509
-45.292976 -59.428944 143.550903
-30.519821 -73.059700 143.550903
-45.292976 -59.428944 171.692093
-30.519821 -73.059700 171.692093
-30.888351 -43.817089 143.550903
-16.115204 -57.447845 143.550903
-30.888351 -43.817089 171.692093
-16.115219 -57.447845 171.692093
75.822464 -59.428947 121.131378
90.595627 -73.059715 121.131378
75.822464 -59.428951 149.272568
90.595627 -73.059715 149.272568
90.227097 -43.817097 121.131378
105.000244 -57.447853 121.131378
90.227097 -43.817101 149.272583
105.000244 -57.447857 149.272583
192.437103 -59.428959 109.636490
207.210266 -73.059723 109.636490
192.437103 -59.428963 137.777679
207.210266 -73.059723 137.777679
206.841766 -43.817104 109.636490
221.614868 -57.447865 109.636490
206.841766 -43.817108 137.777695
221.614868 -57.447868 137.777695
296.501099 -59.428967 104.487511
311.274200 -73.059723 104.487503
296.501099 -59.428970 132.628708
311.274200 -73.059731 132.628708
310.905701 -43.817116 104.487518
325.678833 -57.447872 104.487518
310.905701 -43.817120 132.628708
325.678833 -57.447876 132.628708
388.578552 -59.428978 104.487511
403.351685 -73.059731 104.487503
388.578552 -59.428982 132.628708
403.351685 -73.059738 132.628708
402.983154 -43.817123 104.487518
417.756287 -57.447880 104.487518
402.983154 -43.817127 132.628708
417.756287 -57.447884 132.628708
344.509064 -166.377136 104.487503
359.282166 -180.007889 104.487503
344.509064 -166.377136 132.628708
359.282166 -180.007889 132.628708
358.913696 -150.765289 104.487511
373.686829 -164.396027 104.487503
358.913696 -150.765289 132.628708
373.686829 -164.396042 132.628708
244.739075 -166.377121 104.487503
259.512177 -180.007874 104.487503
244.739075 -166.377121 132.628708
259.512177 -180.007874 132.628708
259.143707 -150.765274 104.487511
273.916840 -164.396011 104.487503
259.143707 -150.765274 132.628708
273.916840 -164.396027 132.628708
-9.088730 -166.377106 138.983170
5.684402 -180.007858 138.983170
-9.088730 -166.377121 167.124359
5.684402 -180.007874 167.124359
5.315872 -150.765259 138.983170
20.089020 -164.395996 138.983170
5.315872 -150.765274 167.124374
20.089020 -164.396027 167.124374
-89.026833 -166.377106 154.459213
-74.253693 -180.007858 154.459213
-89.026833 -166.377106 182.600403
-74.253693 -180.007858 182.600403
-74.622223 -150.765259 154.459213
-59.849068 -164.396011 154.459213
-74.622223 -150.765259 182.600418
-59.849083 -164.396027 182.600418
434.611816 35.640793 36.671341
438.951538 19.648745 44.165909
430.291321 19.625416 44.176971
434.613464 -57.336052 148.342178
438.952942 -60.848267 140.847580
430.292664 -60.853394 140.836761
434.613464 -165.305450 148.342163
438.952942 -161.931122 140.847565
430.292664 -161.926208 140.836777
434.611816 -264.178955 36.671387
438.951538 -247.533279 44.165852
430.291260 -247.509003 44.176910
-124.631081 -59.679195 190.872910
-122.432739 -64.009323 196.972702
-122.432739 -55.349072 196.972702
-103.118454 -59.679195 185.262756
-101.147423 -64.009323 191.421829
-101.147423 -55.349064 191.421829
-47.018829 -59.679203 173.880829
-45.401192 -64.009323 180.111572
-45.401192 -55.349072 180.111572
34.480087 -59.679203 159.783707
35.840454 -64.009331 166.058975
35.840454 -55.349072 166.058975
132.439087 -59.679214 145.983902
133.487274 -64.009338 152.303116
133.487274 -55.349083 152.303116
237.866333 -59.679222 135.511505
238.475861 -64.009346 141.874298
238.475861 -55.349091 141.874298
341.803558 -59.679230 131.407425
341.725861 -64.009354 137.797363
341.725861 -55.349098 137.797363
434.870422 -59.679241 136.725235
434.367737 -64.009361 143.090897
434.367737 -55.349110 143.090897
-124.631088 -167.384369 190.872894
-122.432747 -171.714478 196.972687
-122.432747 -163.054230 196.972687
-103.118462 -167.384369 185.262741
-101.147430 -171.714493 191.421814
-101.147430 -163.054245 191.421814
-47.018837 -167.384399 173.880814
-45.401199 -171.714508 180.111572
-45.401199 -163.054260 180.111572
34.480042 -167.384384 159.783707
35.840439 -171.714493 166.058960
35.840439 -163.054245 166.058960
132.439056 -167.384384 145.983887
133.487274 -171.714523 152.303116
133.487274 -163.054276 152.303116
237.866333 -167.384384 135.511505
238.475861 -171.714493 141.874283
238.475861 -163.054245 141.874298
341.803558 -167.384399 131.407425
341.725861 -171.714523 137.797363
341.725861 -163.054276 137.797363
434.870422 -167.384399 136.725235
434.367737 -171.714508 143.090881
434.367737 -163.054260 143.090897
</float_array>
          <technique_common>
            <accessor source="#Boat004-POSITION-array" count="296" stride="3">
              <param name="X" type="float"/>
              <param name="Y" type="float"/>
              <param name="Z" type="float"/>
            </accessor>
          </technique_common>
        </source>
        <source id="Boat004-Normal0">
          <float_array id="Boat004-Normal0-array" count="4860">
0.524132 0.004657 0.851624
0.495160 0.002691 0.868798
1.000000 -0.000000 0.000002
0.524132 0.004657 0.851624
1.000000 -0.000000 0.000002
0.631742 0.648945 -0.423996
0.524132 0.004657 0.851624
0.631742 0.648945 -0.423996
0.513324 0.606016 0.607654
1.000000 -0.000000 0.000002
0.686603 -0.223598 -0.691795
0.704955 -0.014525 -0.709104
1.000000 -0.000000 0.000002
0.704955 -0.014525 -0.709104
0.678950 0.254257 -0.688753
1.000000 -0.000000 0.000002
0.678950 0.254257 -0.688753
0.631742 0.648945 -0.423996
0.610123 -0.641572 -0.464903
1.000000 -0.000000 0.000002
0.495160 0.002691 0.868798
0.495160 0.002691 0.868798
0.521151 -0.582028 0.624215
0.610123 -0.641572 -0.464903
0.686603 -0.223598 -0.691795
1.000000 -0.000000 0.000002
0.610123 -0.641572 -0.464903
-0.032830 0.723149 0.689912
-0.079447 0.809318 -0.581974
-0.193615 0.792498 0.578325
-0.990332 -0.004251 0.138652
-0.435485 0.823077 0.364550
-0.309382 -0.003165 -0.950933
-0.036030 0.000455 -0.999351
-0.196905 -0.002850 -0.980418
-0.067390 0.392311 -0.917361
-0.193615 0.792498 0.578325
-0.079447 0.809318 -0.581974
-0.218833 0.618143 -0.754991
-0.309382 -0.003165 -0.950933
-0.435485 0.823077 0.364550
-0.218833 0.618143 -0.754991
-0.067390 0.392311 -0.917361
-0.196905 -0.002850 -0.980418
-0.218833 0.618143 -0.754991
-0.193615 0.792498 0.578325
-0.218833 0.618143 -0.754991
-0.435485 0.823077 0.364550
-0.309382 -0.003165 -0.950933
-0.218833 0.618143 -0.754991
-0.196905 -0.002850 -0.980418
-0.067390 0.392311 -0.917361
-0.218833 0.618143 -0.754991
-0.079447 0.809318 -0.581974
-0.045802 -0.734968 0.676553
-0.193607 -0.778137 0.597510
-0.090349 -0.793407 -0.601949
-0.036030 0.000455 -0.999351
-0.070674 -0.378806 -0.922774
-0.196905 -0.002850 -0.980418
-0.990332 -0.004251 0.138652
-0.309382 -0.003165 -0.950933
-0.424211 -0.825530 0.372217
-0.090349 -0.793407 -0.601949
-0.193607 -0.778137 0.597510
-0.217198 -0.617215 -0.756221
-0.196905 -0.002850 -0.980418
-0.070674 -0.378806 -0.922774
-0.217198 -0.617215 -0.756221
-0.424211 -0.825530 0.372217
-0.309382 -0.003165 -0.950933
-0.217198 -0.617215 -0.756221
-0.090349 -0.793407 -0.601949
-0.217198 -0.617215 -0.756221
-0.070674 -0.378806 -0.922774
-0.196905 -0.002850 -0.980418
-0.217198 -0.617215 -0.756221
-0.309382 -0.003165 -0.950933
-0.424211 -0.825530 0.372217
-0.217198 -0.617215 -0.756221
-0.193607 -0.778137 0.597510
-0.009486 0.412763 -0.910789
-0.011567 0.838394 -0.544942
-0.011682 0.864184 -0.503040
-0.011682 0.864184 -0.503040
0.012776 0.425384 -0.904923
-0.009486 0.412763 -0.910789
-0.011682 0.864184 -0.503040
-0.008336 0.625364 0.780289
0.513324 0.606016 0.607654
0.513324 0.606016 0.607654
0.631742 0.648945 -0.423996
-0.011682 0.864184 -0.503040
-0.004932 0.649685 0.760188
-0.011567 0.838394 -0.544942
-0.079447 0.809318 -0.581974
-0.079447 0.809318 -0.581974
-0.032830 0.723149 0.689912
-0.004932 0.649685 0.760188
-0.009486 0.412763 -0.910789
0.000687 -0.004057 -0.999992
-0.036030 0.000455 -0.999351
-0.036030 0.000455 -0.999351
-0.067390 0.392311 -0.917361
-0.009486 0.412763 -0.910789
0.042210 -0.014699 -0.999001
0.012776 0.425384 -0.904923
0.678950 0.254257 -0.688753
0.678950 0.254257 -0.688753
0.704955 -0.014525 -0.709104
0.042210 -0.014699 -0.999001
-0.011567 0.838394 -0.544942
-0.004932 0.649685 0.760188
-0.008336 0.625364 0.780289
-0.008336 0.625364 0.780289
-0.011682 0.864184 -0.503040
-0.011567 0.838394 -0.544942
-0.011567 0.838394 -0.544942
-0.009486 0.412763 -0.910789
-0.067390 0.392311 -0.917361
-0.067390 0.392311 -0.917361
-0.079447 0.809318 -0.581974
-0.011567 0.838394 -0.544942
0.012776 0.425384 -0.904923
0.042210 -0.014699 -0.999001
0.000687 -0.004057 -0.999992
0.000687 -0.004057 -0.999992
-0.009486 0.412763 -0.910789
0.012776 0.425384 -0.904923
0.012776 0.425384 -0.904923
-0.011682 0.864184 -0.503040
0.631742 0.648945 -0.423996
0.631742 0.648945 -0.423996
0.678950 0.254257 -0.688753
0.012776 0.425384 -0.904923
-0.015261 -0.821211 -0.570421
-0.004770 -0.393686 -0.919233
0.026569 -0.398785 -0.916660
0.026569 -0.398785 -0.916660
-0.002884 -0.846362 -0.532600
-0.015261 -0.821211 -0.570421
0.026569 -0.398785 -0.916660
0.042210 -0.014699 -0.999001
0.704955 -0.014525 -0.709104
0.704955 -0.014525 -0.709104
0.686603 -0.223598 -0.691795
0.026569 -0.398785 -0.916660
0.000687 -0.004057 -0.999992
-0.004770 -0.393686 -0.919233
-0.070674 -0.378806 -0.922774
-0.070674 -0.378806 -0.922774
-0.036030 0.000455 -0.999351
0.000687 -0.004057 -0.999992
-0.015261 -0.821211 -0.570421
-0.015186 -0.647411 0.761990
-0.045802 -0.734968 0.676553
-0.045802 -0.734968 0.676553
-0.090349 -0.793407 -0.601949
-0.015261 -0.821211 -0.570421
-0.007299 -0.604349 0.796686
-0.002884 -0.846362 -0.532600
0.610123 -0.641572 -0.464903
0.610123 -0.641572 -0.464903
0.521151 -0.582028 0.624215
-0.007299 -0.604349 0.796686
-0.004770 -0.393686 -0.919233
0.000687 -0.004057 -0.999992
0.042210 -0.014699 -0.999001
0.042210 -0.014699 -0.999001
0.026569 -0.398785 -0.916660
-0.004770 -0.393686 -0.919233
-0.004770 -0.393686 -0.919233
-0.015261 -0.821211 -0.570421
-0.090349 -0.793407 -0.601949
-0.090349 -0.793407 -0.601949
-0.070674 -0.378806 -0.922774
-0.004770 -0.393686 -0.919233
-0.002884 -0.846362 -0.532600
-0.007299 -0.604349 0.796686
-0.015186 -0.647411 0.761990
-0.015186 -0.647411 0.761990
-0.015261 -0.821211 -0.570421
-0.002884 -0.846362 -0.532600
-0.002884 -0.846362 -0.532600
0.026569 -0.398785 -0.916660
0.686603 -0.223598 -0.691795
0.686603 -0.223598 -0.691795
0.610123 -0.641572 -0.464903
-0.002884 -0.846362 -0.532600
-0.445800 0.003079 0.895127
0.524132 0.004657 0.851624
0.513324 0.606016 0.607654
0.513324 0.606016 0.607654
-0.191848 -0.234040 0.953110
-0.445800 0.003079 0.895127
-0.505194 0.004114 0.862996
0.495160 0.002691 0.868798
0.524132 0.004657 0.851624
0.524132 0.004657 0.851624
-0.445800 0.003079 0.895127
-0.505194 0.004114 0.862996
-0.201881 0.226025 0.952973
0.521151 -0.582028 0.624215
0.495160 0.002691 0.868798
0.495160 0.002691 0.868798
-0.505194 0.004114 0.862996
-0.201881 0.226025 0.952973
0.060035 0.326625 0.943245
-0.193607 -0.778137 0.597510
-0.045802 -0.734968 0.676553
-0.045802 -0.734968 0.676553
0.007353 0.413610 0.910424
0.060035 0.326625 0.943245
0.069099 0.243047 0.967550
-0.424211 -0.825530 0.372217
-0.193607 -0.778137 0.597510
-0.193607 -0.778137 0.597510
0.060035 0.326625 0.943245
0.069099 0.243047 0.967550
0.075462 0.003654 0.997142
-0.990332 -0.004251 0.138652
-0.424211 -0.825530 0.372217
-0.424211 -0.825530 0.372217
0.069099 0.243047 0.967550
0.075462 0.003654 0.997142
-0.435485 0.823077 0.364550
-0.990332 -0.004251 0.138652
0.075462 0.003654 0.997142
0.075462 0.003654 0.997142
0.064949 -0.215831 0.974268
-0.435485 0.823077 0.364550
-0.193615 0.792498 0.578325
-0.435485 0.823077 0.364550
0.064949 -0.215831 0.974268
0.064949 -0.215831 0.974268
0.048334 -0.301213 0.952331
-0.193615 0.792498 0.578325
-0.032830 0.723149 0.689912
-0.193615 0.792498 0.578325
0.048334 -0.301213 0.952331
0.048334 -0.301213 0.952331
0.006635 -0.417189 0.908796
-0.032830 0.723149 0.689912
-0.000234 -0.000006 1.000000
-0.000233 -0.000008 1.000000
-0.000091 0.000651 1.000000
-0.000091 0.000651 1.000000
-0.000207 0.000124 1.000000
-0.000234 -0.000006 1.000000
0.000003 0.001001 1.000000
0.000035 0.000169 1.000000
-0.000207 0.000124 1.000000
-0.000207 0.000124 1.000000
-0.000091 0.000651 1.000000
0.000003 0.001001 1.000000
0.000032 0.000150 1.000000
0.000029 0.000118 1.000000
0.000035 0.000169 1.000000
0.000035 0.000169 1.000000
0.000003 0.001001 1.000000
0.000032 0.000150 1.000000
0.000029 0.000103 1.000000
0.000025 0.000055 1.000000
0.000029 0.000118 1.000000
0.000029 0.000118 1.000000
0.000032 0.000150 1.000000
0.000029 0.000103 1.000000
0.000025 0.000008 1.000000
0.000024 0.000003 1.000000
0.000025 0.000055 1.000000
0.000025 0.000055 1.000000
0.000029 0.000103 1.000000
0.000025 0.000008 1.000000
0.000024 -0.000067 1.000000
0.000025 -0.000048 1.000000
0.000024 0.000003 1.000000
0.000024 0.000003 1.000000
0.000025 0.000008 1.000000
0.000024 -0.000067 1.000000
0.000023 -0.000126 1.000000
0.000026 -0.000100 1.000000
0.000025 -0.000048 1.000000
0.000025 -0.000048 1.000000
0.000024 -0.000067 1.000000
0.000023 -0.000126 1.000000
0.000002 -0.000351 1.000000
0.000023 -0.000174 1.000000
0.000026 -0.000100 1.000000
0.000026 -0.000100 1.000000
0.000023 -0.000126 1.000000
0.000002 -0.000351 1.000000
-0.000155 -0.000124 1.000000
0.000023 -0.000174 1.000000
0.000002 -0.000351 1.000000
0.000002 -0.000351 1.000000
-0.000110 -0.000196 1.000000
-0.000155 -0.000124 1.000000
-0.369577 -0.705730 0.604449
-0.409148 -0.682684 0.605425
-0.254694 -0.905497 0.339419
-0.254694 -0.905497 0.339419
-0.253249 -0.876134 0.410187
-0.369577 -0.705730 0.604449
-0.494049 -0.032342 0.868832
-0.508910 -0.008930 0.860774
-0.409148 -0.682684 0.605425
-0.409148 -0.682684 0.605425
-0.369577 -0.705730 0.604449
-0.494049 -0.032342 0.868832
-0.386436 0.669432 0.634451
-0.416863 0.710397 0.567065
-0.508910 -0.008930 0.860774
-0.508910 -0.008930 0.860774
-0.494049 -0.032342 0.868832
-0.386436 0.669432 0.634451
-0.258053 0.879664 0.399498
-0.221635 0.941485 0.253938
-0.416863 0.710397 0.567065
-0.416863 0.710397 0.567065
-0.386436 0.669432 0.634451
-0.258053 0.879664 0.399498
-0.366474 -0.671412 0.644130
-0.369577 -0.705730 0.604449
-0.253249 -0.876134 0.410187
-0.253249 -0.876134 0.410187
-0.235643 -0.846320 0.477718
-0.366474 -0.671412 0.644130
-0.481098 -0.008601 0.876625
-0.494049 -0.032342 0.868832
-0.369577 -0.705730 0.604449
-0.369577 -0.705730 0.604449
-0.366474 -0.671412 0.644130
-0.481098 -0.008601 0.876625
-0.387414 0.642334 0.661300
-0.386436 0.669432 0.634451
-0.494049 -0.032342 0.868832
-0.494049 -0.032342 0.868832
-0.481098 -0.008601 0.876625
-0.387414 0.642334 0.661300
-0.242206 0.842745 0.480746
-0.258053 0.879664 0.399498
-0.386436 0.669432 0.634451
-0.386436 0.669432 0.634451
-0.387414 0.642334 0.661300
-0.242206 0.842745 0.480746
-0.387411 -0.692798 0.608230
-0.366474 -0.671412 0.644130
-0.235643 -0.846320 0.477718
-0.235643 -0.846320 0.477718
-0.240727 -0.849158 0.470086
-0.387411 -0.692798 0.608230
-0.551951 -0.004647 0.833864
-0.481098 -0.008601 0.876625
-0.366474 -0.671412 0.644130
-0.366474 -0.671412 0.644130
-0.387411 -0.692798 0.608230
-0.551951 -0.004647 0.833864
-0.551951 -0.004647 0.833864
-0.408020 0.663319 0.627318
-0.387414 0.642334 0.661300
-0.387414 0.642334 0.661300
-0.481098 -0.008601 0.876625
-0.551951 -0.004647 0.833864
-0.408020 0.663319 0.627318
-0.245298 0.839222 0.485319
-0.242206 0.842745 0.480746
-0.242206 0.842745 0.480746
-0.387414 0.642334 0.661300
-0.408020 0.663319 0.627318
-0.382539 0.702811 0.599767
-0.201644 0.868210 0.453377
-0.245298 0.839222 0.485319
-0.245298 0.839222 0.485319
-0.408020 0.663319 0.627318
-0.382539 0.702811 0.599767
-0.592123 -0.011844 0.805760
-0.382539 0.702811 0.599767
-0.408020 0.663319 0.627318
-0.408020 0.663319 0.627318
-0.551951 -0.004647 0.833864
-0.592123 -0.011844 0.805760
-0.387411 -0.692798 0.608230
-0.363704 -0.752092 0.549616
-0.592123 -0.011844 0.805760
-0.592123 -0.011844 0.805760
-0.551951 -0.004647 0.833864
-0.387411 -0.692798 0.608230
-0.240727 -0.849158 0.470086
-0.221363 -0.873218 0.434152
-0.363704 -0.752092 0.549616
-0.363704 -0.752092 0.549616
-0.387411 -0.692798 0.608230
-0.240727 -0.849158 0.470086
-0.000105 -0.000335 1.000000
-0.000105 -0.000335 1.000000
-0.000105 -0.000335 1.000000
-0.000105 -0.000335 1.000000
-0.000105 -0.000335 1.000000
-0.000105 -0.000335 1.000000
-0.000069 -0.000308 1.000000
-0.000069 -0.000308 1.000000
-0.000069 -0.000308 1.000000
-0.000053 -0.000371 1.000000
-0.000053 -0.000371 1.000000
-0.000053 -0.000371 1.000000
-0.000069 -0.000368 1.000000
-0.000069 -0.000368 1.000000
-0.000069 -0.000368 1.000000
-0.000069 0.000393 1.000000
-0.000069 0.000393 1.000000
-0.000069 0.000393 1.000000
-0.000053 0.000359 1.000000
-0.000053 0.000359 1.000000
-0.000053 0.000359 1.000000
-0.335030 -0.897259 0.287544
-0.335030 -0.897259 0.287544
-0.335030 -0.897259 0.287544
-0.335030 -0.897259 0.287544
-0.335030 -0.897259 0.287544
-0.335030 -0.897259 0.287544
-0.557238 -0.676500 0.481491
-0.557238 -0.676500 0.481491
-0.557238 -0.676500 0.481491
-0.557237 -0.676500 0.481492
-0.557237 -0.676500 0.481492
-0.557237 -0.676500 0.481492
-0.515144 0.613624 0.598409
-0.515143 0.613624 0.598409
-0.515143 0.613624 0.598409
-0.515143 0.613624 0.598409
-0.515143 0.613624 0.598409
-0.515143 0.613624 0.598409
-0.350115 0.792709 0.499032
-0.350115 0.792709 0.499032
-0.350115 0.792709 0.499032
-0.350115 0.792709 0.499032
-0.350115 0.792709 0.499032
-0.350115 0.792709 0.499032
-0.089514 -0.946340 0.310529
0.621779 -0.563913 0.543500
0.536703 -0.659787 0.525957
0.536703 -0.659787 0.525957
-0.093249 -0.946011 0.310433
-0.089514 -0.946340 0.310529
0.873689 0.000584 0.486484
0.874102 -0.003623 0.485729
0.872984 -0.002920 0.487741
0.873689 0.000584 0.486484
0.872984 -0.002920 0.487741
0.870925 0.001312 0.491414
0.873689 0.000584 0.486484
0.870925 0.001312 0.491414
0.870331 0.002119 0.492463
0.867544 -0.001144 0.497360
0.536703 -0.659787 0.525957
0.621779 -0.563913 0.543500
0.867544 -0.001144 0.497360
0.621779 -0.563913 0.543500
0.872984 -0.002920 0.487741
0.867544 -0.001144 0.497360
0.872984 -0.002920 0.487741
0.874102 -0.003623 0.485729
0.869827 0.000545 0.493357
0.870331 0.002119 0.492463
0.870925 0.001312 0.491414
0.869827 0.000545 0.493357
0.870925 0.001312 0.491414
0.623533 0.565527 0.539802
0.869827 0.000545 0.493357
0.623533 0.565527 0.539802
0.534760 0.664025 0.522592
-0.080923 0.948553 0.306101
-0.083946 0.948318 0.306018
0.534760 0.664025 0.522592
0.534760 0.664025 0.522592
0.623533 0.565527 0.539802
-0.080923 0.948553 0.306101
-0.182108 -0.934367 0.306260
-0.178499 -0.917171 0.356280
-0.253249 -0.876134 0.410187
-0.182108 -0.934367 0.306260
-0.253249 -0.876134 0.410187
-0.254694 -0.905497 0.339419
-0.182136 -0.934391 0.306170
-0.182108 -0.934367 0.306260
-0.254694 -0.905497 0.339419
-0.182130 -0.934383 0.306198
-0.182136 -0.934391 0.306170
-0.254694 -0.905497 0.339419
-0.182130 -0.934383 0.306198
-0.254694 -0.905497 0.339419
-0.089514 -0.946340 0.310529
-0.182130 -0.934383 0.306198
-0.089514 -0.946340 0.310529
-0.093249 -0.946011 0.310433
-0.178870 -0.881704 0.436583
-0.183810 -0.889901 0.417479
-0.240727 -0.849158 0.470086
-0.178870 -0.881704 0.436583
-0.240727 -0.849158 0.470086
-0.235643 -0.846320 0.477718
-0.178870 -0.881704 0.436583
-0.235643 -0.846320 0.477718
-0.180023 -0.895916 0.406111
-0.149150 0.914412 0.376305
-0.150842 0.940966 0.303034
-0.258053 0.879664 0.399498
-0.149150 0.914412 0.376305
-0.258053 0.879664 0.399498
-0.242206 0.842745 0.480746
-0.149150 0.914412 0.376305
-0.242206 0.842745 0.480746
-0.150133 0.905583 0.396711
-0.253249 -0.876134 0.410187
-0.178499 -0.917171 0.356280
-0.177805 -0.901382 0.394837
-0.235643 -0.846320 0.477718
-0.253249 -0.876134 0.410187
-0.177805 -0.901382 0.394837
-0.180023 -0.895916 0.406111
-0.235643 -0.846320 0.477718
-0.177805 -0.901382 0.394837
-0.196773 -0.960744 0.195579
-0.196773 -0.960744 0.195579
-0.196773 -0.960744 0.195579
-0.196775 -0.960744 0.195578
-0.196775 -0.960744 0.195578
-0.196775 -0.960744 0.195578
-0.000105 -0.000568 1.000000
-0.000105 -0.000568 1.000000
-0.000105 -0.000568 1.000000
-0.240727 -0.849158 0.470086
-0.183810 -0.889901 0.417479
-0.184123 -0.894668 0.407023
-0.221363 -0.873218 0.434152
-0.240727 -0.849158 0.470086
-0.184123 -0.894668 0.407023
-0.183006 -0.893543 0.409988
-0.221363 -0.873218 0.434152
-0.184123 -0.894668 0.407023
-0.484639 0.537811 0.689844
-0.487395 0.530311 0.693697
-0.403335 0.667938 0.625444
-0.403335 0.667938 0.625444
-0.399394 0.678213 0.616856
-0.484639 0.537811 0.689844
-0.151806 0.906924 0.392992
-0.151806 0.906924 0.392992
-0.151806 0.906924 0.392992
-0.151806 0.906924 0.392992
-0.151806 0.906924 0.392992
-0.151806 0.906924 0.392992
-0.000098 0.000438 1.000000
-0.000098 0.000438 1.000000
-0.000098 0.000438 1.000000
-0.000304 0.001814 0.999998
-0.000304 0.001814 0.999998
-0.000304 0.001814 0.999998
-0.147197 0.902567 0.404606
-0.150133 0.905583 0.396711
-0.242206 0.842745 0.480746
-0.147197 0.902567 0.404606
-0.242206 0.842745 0.480746
-0.245298 0.839222 0.485319
-0.147197 0.902567 0.404606
-0.245298 0.839222 0.485319
-0.142738 0.900582 0.410582
-0.147249 0.908544 0.390981
-0.142738 0.900582 0.410582
-0.245298 0.839222 0.485319
-0.147249 0.908544 0.390981
-0.245298 0.839222 0.485319
-0.201644 0.868210 0.453377
-0.147249 0.908544 0.390981
-0.201644 0.868210 0.453377
-0.153322 0.915981 0.370771
-0.481020 -0.544749 0.686927
-0.472136 -0.553064 0.686446
-0.359773 -0.722660 0.590191
-0.514595 -0.465096 0.720331
-0.580086 -0.008778 0.814508
-0.582489 -0.003596 0.812830
-0.514595 -0.465096 0.720331
-0.582489 -0.003596 0.812830
-0.472136 -0.553064 0.686446
-0.514595 -0.465096 0.720331
-0.472136 -0.553064 0.686446
-0.481020 -0.544749 0.686927
-0.487395 0.530311 0.693697
-0.484639 0.537811 0.689844
-0.582489 -0.003596 0.812830
-0.582489 -0.003596 0.812830
-0.580086 -0.008778 0.814508
-0.520238 0.455383 0.722481
-0.487395 0.530311 0.693697
-0.582489 -0.003596 0.812830
-0.520238 0.455383 0.722481
-0.000098 0.000361 1.000000
-0.000098 0.000361 1.000000
-0.000098 0.000361 1.000000
-0.000098 0.000362 1.000000
-0.000098 0.000362 1.000000
-0.000098 0.000362 1.000000
-0.000069 0.000257 1.000000
-0.000069 0.000257 1.000000
-0.000069 0.000257 1.000000
-0.000069 0.000257 1.000000
-0.000069 0.000257 1.000000
-0.000069 0.000257 1.000000
-0.164358 0.938792 0.302748
-0.083946 0.948318 0.306018
-0.080923 0.948553 0.306101
-0.164358 0.938792 0.302748
-0.080923 0.948553 0.306101
-0.221635 0.941485 0.253938
-0.158034 0.948460 0.274679
-0.164358 0.938792 0.302748
-0.221635 0.941485 0.253938
-0.158034 0.948460 0.274679
-0.221635 0.941485 0.253938
-0.258053 0.879664 0.399498
-0.158034 0.948460 0.274679
-0.258053 0.879664 0.399498
-0.150842 0.940966 0.303034
0.007353 0.413610 0.910424
-0.045802 -0.734968 0.676553
-0.015186 -0.647411 0.761990
-0.007299 -0.604349 0.796686
0.521151 -0.582028 0.624215
-0.201881 0.226025 0.952973
-0.015186 -0.647411 0.761990
-0.007299 -0.604349 0.796686
-0.201881 0.226025 0.952973
0.007353 0.413610 0.910424
-0.015186 -0.647411 0.761990
-0.201881 0.226025 0.952973
-0.004932 0.649685 0.760188
-0.032830 0.723149 0.689912
0.006635 -0.417189 0.908796
-0.004932 0.649685 0.760188
0.006635 -0.417189 0.908796
-0.191848 -0.234040 0.953110
-0.191848 -0.234040 0.953110
0.513324 0.606016 0.607654
-0.008336 0.625364 0.780289
-0.004932 0.649685 0.760188
-0.191848 -0.234040 0.953110
-0.008336 0.625364 0.780289
-0.000239 0.000014 1.000000
-0.000155 -0.000124 1.000000
-0.000110 -0.000196 1.000000
-0.000239 0.000014 1.000000
-0.000110 -0.000196 1.000000
-0.000239 0.000014 1.000000
-0.000239 0.000014 1.000000
-0.000233 -0.000008 1.000000
-0.000234 -0.000006 1.000000
-0.000239 0.000014 1.000000
-0.000239 0.000014 1.000000
-0.000234 -0.000006 1.000000
0.000000 -0.000000 1.000000
0.000000 -0.000000 1.000000
-0.000000 -0.000000 1.000000
0.000000 -0.000000 1.000000
-0.000000 -0.000000 1.000000
0.000000 -0.000000 1.000000
0.000000 0.000000 1.000000
0.000000 0.000000 1.000000
0.000000 0.000000 1.000000
0.000000 0.000000 1.000000
0.000000 0.000000 1.000000
0.000000 0.000000 1.000000
0.000000 0.000000 1.000000
0.000000 0.000000 1.000000
0.000000 0.000000 1.000000
0.000000 0.000000 1.000000
0.000000 0.000000 1.000000
0.000000 -0.000000 1.000000
0.000000 -0.000000 1.000000
0.000000 0.000000 1.000000
0.000000 -0.000000 1.000000
0.000000 -0.000000 1.000000
0.000000 -0.000000 1.000000
0.000000 -0.000000 1.000000
0.000000 -0.000000 1.000000
0.000000 -0.000000 1.000000
-0.000000 -0.000000 1.000000
0.000000 -0.000000 1.000000
-0.000000 -0.000000 1.000000
0.000000 0.000000 1.000000
1.000000 0.000000 0.000000
1.000000 0.000000 0.000000
1.000000 -0.000000 0.000000
1.000000 -0.000000 0.000000
1.000000 -0.000000 -0.000000
1.000000 -0.000000 -0.000000
1.000000 -0.000000 0.000000
1.000000 -0.000000 0.000000
1.000000 -0.000000 -0.000000
1.000000 -0.000000 0.000000
1.000000 -0.000000 0.000000
1.000000 -0.000000 -0.000000
1.000000 -0.000000 0.000000
1.000000 -0.000000 0.000000
1.000000 -0.000000 -0.000000
1.000000 -0.000000 0.000000
1.000000 -0.000000 -0.000000
1.000000 -0.000000 -0.000000
1.000000 -0.000000 0.000000
1.000000 -0.000000 -0.000000
1.000000 -0.000000 -0.000000
1.000000 -0.000000 0.000000
1.000000 -0.000000 0.000000
1.000000 -0.000000 -0.000000
1.000000 -0.000000 0.000000
1.000000 -0.000000 -0.000000
1.000000 -0.000000 -0.000000
1.000000 -0.000000 0.000000
1.000000 -0.000000 0.000000
1.000000 -0.000000 -0.000000
1.000000 -0.000000 0.000000
1.000000 -0.000000 -0.000000
1.000000 -0.000000 -0.000000
1.000000 -0.000000 0.000000
1.000000 -0.000000 -0.000000
1.000000 -0.000000 -0.000000
1.000000 -0.000000 0.000000
1.000000 -0.000000 0.000000
1.000000 -0.000000 -0.000000
1.000000 -0.000000 0.000000
1.000000 -0.000000 0.000000
1.000000 -0.000000 -0.000000
1.000000 -0.000000 0.000000
1.000000 -0.000000 -0.000000
1.000000 -0.000000 -0.000000
1.000000 -0.000000 0.000000
1.000000 -0.000000 0.000000
1.000000 -0.000000 -0.000000
1.000000 -0.000000 0.000000
1.000000 -0.000000 -0.000000
1.000000 -0.000000 0.000000
1.000000 -0.000000 0.000000
1.000000 -0.000000 0.000000
1.000000 -0.000000 0.000000
1.000000 -0.000000 0.000000
1.000000 -0.000000 0.000000
1.000000 -0.000000 -0.000000
1.000000 -0.000000 0.000000
1.000000 -0.000000 -0.000000
1.000000 -0.000000 -0.000000
1.000000 -0.000000 0.000000
1.000000 -0.000000 -0.000000
1.000000 -0.000000 -0.000000
1.000000 -0.000000 0.000000
1.000000 -0.000000 -0.000000
1.000000 -0.000000 -0.000000
1.000000 -0.000000 0.000000
1.000000 -0.000000 -0.000000
1.000000 -0.000000 -0.000000
1.000000 -0.000000 0.000000
1.000000 -0.000000 -0.000000
1.000000 -0.000000 0.000000
1.000000 -0.000000 0.000000
1.000000 -0.000000 0.000000
1.000000 -0.000000 0.000000
1.000000 -0.000000 0.000000
1.000000 -0.000000 0.000000
1.000000 0.000000 0.000000
1.000000 0.000000 0.000000
1.000000 0.000000 0.000000
1.000000 0.000000 0.000000
1.000000 0.000000 0.000000
1.000000 0.000000 0.000000
1.000000 0.000000 0.000000
1.000000 -0.000000 0.000000
1.000000 0.000000 0.000000
1.000000 0.000000 0.000000
1.000000 0.000000 0.000000
1.000000 -0.000000 0.000000
1.000000 0.000000 0.000000
-0.032393 -0.000149 0.999475
-0.032393 -0.000149 0.999475
-0.032393 -0.000149 0.999475
-0.032393 -0.000149 0.999475
-0.032393 -0.000149 0.999475
-0.032393 -0.000149 0.999475
-0.032417 -0.000000 0.999475
-0.032417 -0.000000 0.999474
-0.032417 -0.000000 0.999474
-0.032417 -0.000000 0.999474
-0.032417 -0.000000 0.999474
-0.032417 -0.000000 0.999474
-0.032363 0.000284 0.999476
-0.032363 0.000284 0.999476
-0.032363 0.000284 0.999476
-0.032363 0.000285 0.999476
-0.032363 0.000285 0.999476
-0.032363 0.000285 0.999476
-0.032436 0.000001 0.999474
-0.032436 0.000001 0.999474
-0.032436 0.000001 0.999474
-0.032436 0.000000 0.999474
-0.032436 0.000000 0.999474
-0.032436 0.000000 0.999474
0.000000 0.052798 0.998605
0.000000 0.052798 0.998605
0.000000 0.052798 0.998605
0.000000 0.052798 0.998605
0.000000 0.052798 0.998605
0.000000 0.052798 0.998605
0.007281 0.037364 0.999275
0.007281 0.037364 0.999275
0.007281 0.037364 0.999275
0.007281 0.037364 0.999275
0.007281 0.037364 0.999275
0.007281 0.037364 0.999275
0.007282 0.037360 0.999275
0.007282 0.037360 0.999275
0.007282 0.037360 0.999275
0.007282 0.037360 0.999275
0.007282 0.037360 0.999275
0.007282 0.037360 0.999275
0.021717 -0.000000 0.999764
0.021717 -0.000000 0.999764
0.021717 -0.000000 0.999764
0.021717 -0.000000 0.999764
0.021717 -0.000000 0.999764
0.021717 -0.000000 0.999764
0.006542 -0.037366 0.999280
0.006542 -0.037366 0.999280
0.006542 -0.037366 0.999280
0.006542 -0.037366 0.999280
0.006542 -0.037366 0.999280
0.006542 -0.037366 0.999280
-0.000000 -0.050678 0.998715
-0.000000 -0.050678 0.998715
-0.000000 -0.050678 0.998715
-0.000000 -0.050678 0.998715
-0.000000 -0.050678 0.998715
-0.000000 -0.050678 0.998715
-0.032340 -0.000152 0.999477
-0.032340 -0.000152 0.999477
-0.032340 -0.000152 0.999477
-0.032340 -0.000152 0.999477
-0.032340 -0.000152 0.999477
-0.032340 -0.000152 0.999477
-0.032426 -0.000000 0.999474
-0.032426 -0.000000 0.999474
-0.032426 -0.000000 0.999474
-0.032426 -0.000000 0.999474
-0.032426 -0.000000 0.999474
-0.032426 -0.000000 0.999474
-0.999989 -0.004599 0.000000
-0.999989 -0.004599 0.000000
-0.999989 -0.004599 0.000000
-0.999989 -0.004599 0.000000
-0.999989 -0.004599 0.000000
-0.999989 -0.004599 0.000000
-1.000000 -0.000007 0.000000
-1.000000 -0.000007 0.000000
-1.000000 -0.000007 0.000000
-1.000000 -0.000007 0.000000
-1.000000 -0.000007 0.000000
-1.000000 -0.000007 0.000000
-0.999961 0.008790 0.000000
-0.999961 0.008790 0.000000
-0.999961 0.008790 0.000000
-0.999961 0.008790 0.000000
-0.999961 0.008790 0.000000
-0.999961 0.008790 0.000000
-1.000000 0.000017 0.000000
-1.000000 0.000017 0.000000
-1.000000 0.000017 0.000000
-1.000000 0.000017 0.000000
-1.000000 0.000017 0.000000
-1.000000 0.000017 0.000000
0.000000 1.000000 0.000000
0.000000 1.000000 0.000000
0.000000 1.000000 0.000000
0.000000 1.000000 0.000000
0.000000 1.000000 0.000000
0.000000 1.000000 0.000000
0.191262 0.981539 0.000000
0.191262 0.981539 0.000000
0.191262 0.981539 0.000000
0.191262 0.981539 0.000000
0.191262 0.981539 0.000000
0.191262 0.981539 0.000000
0.191323 0.981527 0.000000
0.191323 0.981527 0.000000
0.191323 0.981527 0.000000
0.191323 0.981527 0.000000
0.191323 0.981527 0.000000
0.191323 0.981527 0.000000
1.000000 -0.000000 0.000000
1.000000 -0.000000 0.000000
1.000000 -0.000000 0.000000
1.000000 -0.000000 0.000000
1.000000 -0.000000 0.000000
1.000000 -0.000000 0.000000
0.172451 -0.985018 0.000000
0.172451 -0.985018 0.000000
0.172451 -0.985018 0.000000
0.172451 -0.985018 0.000000
0.172451 -0.985018 0.000000
0.172451 -0.985018 0.000000
-0.000000 -1.000000 0.000000
-0.000000 -1.000000 0.000000
-0.000000 -1.000000 0.000000
-0.000000 -1.000000 0.000000
-0.000000 -1.000000 0.000000
-0.000000 -1.000000 0.000000
-0.999989 -0.004689 0.000000
-0.999989 -0.004689 0.000000
-0.999989 -0.004689 0.000000
-0.999989 -0.004689 0.000000
-0.999989 -0.004689 0.000000
-0.999989 -0.004689 0.000000
-1.000000 -0.000008 0.000000
-1.000000 -0.000008 0.000000
-1.000000 -0.000008 0.000000
-1.000000 -0.000008 0.000000
-1.000000 -0.000008 0.000000
-1.000000 -0.000008 0.000000
-0.678119 -0.734952 0.000000
-0.678119 -0.734952 0.000000
-0.678119 -0.734952 0.000000
-0.678119 -0.734952 0.000000
-0.678119 -0.734952 0.000000
-0.678119 -0.734952 0.000000
0.678119 0.734952 0.000000
0.678119 0.734952 0.000000
0.678119 0.734952 0.000000
0.678119 0.734952 0.000000
0.678119 0.734952 0.000000
0.678119 0.734952 0.000000
-0.000000 0.000000 -1.000000
-0.000000 0.000001 -1.000000
-0.000000 0.000000 -1.000000
-0.000000 0.000000 -1.000000
0.000000 0.000000 -1.000000
-0.000000 0.000000 -1.000000
0.734952 -0.678120 -0.000000
0.734952 -0.678119 -0.000000
0.734951 -0.678120 -0.000000
0.734951 -0.678120 -0.000000
0.734951 -0.678120 0.000000
0.734952 -0.678120 -0.000000
0.000000 0.000000 1.000000
0.000000 0.000000 1.000000
0.000000 0.000000 1.000000
0.000000 0.000000 1.000000
0.000000 0.000000 1.000000
0.000000 0.000000 1.000000
-0.734951 0.678120 0.000000
-0.734951 0.678120 0.000000
-0.734951 0.678120 0.000000
-0.734951 0.678120 0.000000
-0.734951 0.678120 0.000000
-0.734951 0.678120 0.000000
-0.678119 -0.734952 0.000000
-0.678119 -0.734952 0.000000
-0.678119 -0.734952 0.000000
-0.678119 -0.734952 0.000000
-0.678119 -0.734952 0.000000
-0.678119 -0.734952 0.000000
0.678119 0.734952 0.000000
0.678119 0.734952 0.000000
0.678119 0.734952 0.000000
0.678119 0.734952 0.000000
0.678119 0.734952 0.000000
0.678119 0.734952 0.000000
0.000000 0.000000 -1.000000
0.000000 0.000000 -1.000000
0.000000 0.000000 -1.000000
0.000000 0.000000 -1.000000
0.000000 0.000000 -1.000000
0.000000 0.000000 -1.000000
0.734952 -0.678119 0.000000
0.734952 -0.678119 0.000000
0.734952 -0.678119 0.000000
0.734952 -0.678119 0.000000
0.734952 -0.678119 0.000000
0.734952 -0.678119 0.000000
0.000000 0.000000 1.000000
0.000000 0.000000 1.000000
0.000000 0.000000 1.000000
0.000000 0.000000 1.000000
0.000000 0.000000 1.000000
0.000000 0.000000 1.000000
-0.734952 0.678120 0.000000
-0.734952 0.678119 0.000000
-0.734952 0.678120 0.000000
-0.734952 0.678120 0.000000
-0.734952 0.678119 0.000000
-0.734952 0.678120 0.000000
-0.678119 -0.734952 -0.000000
-0.678119 -0.734952 0.000000
-0.678119 -0.734952 -0.000000
-0.678119 -0.734952 -0.000000
-0.678119 -0.734952 -0.000000
-0.678119 -0.734952 -0.000000
0.678119 0.734952 0.000000
0.678119 0.734952 0.000000
0.678119 0.734952 0.000000
0.678119 0.734952 0.000000
0.678119 0.734952 0.000000
0.678119 0.734952 0.000000
0.000000 0.000000 -1.000000
0.000000 0.000000 -1.000000
0.000000 0.000000 -1.000000
0.000000 0.000000 -1.000000
0.000000 0.000000 -1.000000
0.000000 0.000000 -1.000000
0.734952 -0.678119 -0.000000
0.734952 -0.678119 -0.000000
0.734952 -0.678119 -0.000000
0.734952 -0.678119 -0.000000
0.734952 -0.678119 0.000000
0.734952 -0.678119 -0.000000
-0.000000 -0.000001 1.000000
-0.000000 -0.000001 1.000000
-0.000000 -0.000001 1.000000
-0.000000 -0.000001 1.000000
-0.000000 -0.000001 1.000000
-0.000000 -0.000001 1.000000
-0.734951 0.678120 0.000000
-0.734951 0.678120 0.000000
-0.734951 0.678120 0.000000
-0.734951 0.678120 0.000000
-0.734951 0.678120 0.000000
-0.734951 0.678120 0.000000
-0.678119 -0.734952 -0.000000
-0.678119 -0.734952 0.000000
-0.678119 -0.734952 -0.000000
-0.678119 -0.734952 -0.000000
-0.678119 -0.734952 -0.000000
-0.678119 -0.734952 -0.000000
0.678120 0.734951 0.000000
0.678120 0.734951 0.000000
0.678120 0.734951 0.000000
0.678120 0.734951 0.000000
0.678120 0.734951 0.000000
0.678120 0.734951 0.000000
0.000000 0.000000 -1.000000
0.000000 0.000000 -1.000000
0.000000 0.000000 -1.000000
0.000000 0.000000 -1.000000
0.000000 0.000000 -1.000000
0.000000 0.000000 -1.000000
0.734952 -0.678119 -0.000000
0.734952 -0.678119 -0.000000
0.734952 -0.678119 -0.000000
0.734952 -0.678119 -0.000000
0.734952 -0.678119 0.000000
0.734952 -0.678119 -0.000000
-0.000000 -0.000001 1.000000
-0.000000 -0.000001 1.000000
-0.000000 -0.000001 1.000000
-0.000000 -0.000001 1.000000
-0.000000 -0.000001 1.000000
-0.000000 -0.000001 1.000000
-0.734951 0.678120 0.000000
-0.734951 0.678120 0.000000
-0.734951 0.678121 0.000000
-0.734951 0.678121 0.000000
-0.734951 0.678120 0.000000
-0.734951 0.678120 0.000000
-0.678120 -0.734951 -0.000000
-0.678120 -0.734951 -0.000000
-0.678120 -0.734951 -0.000000
-0.678120 -0.734951 -0.000000
-0.678120 -0.734951 -0.000000
-0.678120 -0.734951 -0.000000
0.678119 0.734952 0.000000
0.678119 0.734952 0.000000
0.678119 0.734952 0.000000
0.678119 0.734952 0.000000
0.678119 0.734952 0.000000
0.678119 0.734952 0.000000
0.000000 0.000001 -1.000000
0.000000 0.000000 -1.000000
0.000000 0.000001 -1.000000
0.000000 0.000001 -1.000000
0.000000 0.000001 -1.000000
0.000000 0.000001 -1.000000
0.734951 -0.678120 -0.000000
0.734951 -0.678120 -0.000000
0.734951 -0.678120 -0.000000
0.734951 -0.678120 -0.000000
0.734952 -0.678120 -0.000000
0.734951 -0.678120 -0.000000
0.000000 0.000000 1.000000
0.000000 0.000000 1.000000
0.000000 0.000000 1.000000
0.000000 0.000000 1.000000
0.000000 0.000000 1.000000
0.000000 0.000000 1.000000
-0.734952 0.678119 0.000000
-0.734952 0.678119 0.000000
-0.734952 0.678119 0.000000
-0.734952 0.678119 0.000000
-0.734952 0.678119 0.000000
-0.734952 0.678119 0.000000
-0.678119 -0.734952 -0.000000
-0.678119 -0.734952 -0.000000
-0.678119 -0.734952 -0.000000
-0.678119 -0.734952 -0.000000
-0.678119 -0.734952 -0.000000
-0.678119 -0.734952 -0.000000
0.678119 0.734952 0.000000
0.678119 0.734952 0.000000
0.678119 0.734952 0.000000
0.678119 0.734952 0.000000
0.678119 0.734952 0.000000
0.678119 0.734952 0.000000
0.000000 0.000001 -1.000000
0.000000 0.000000 -1.000000
0.000000 0.000001 -1.000000
0.000000 0.000001 -1.000000
0.000000 0.000001 -1.000000
0.000000 0.000001 -1.000000
0.734952 -0.678119 -0.000000
0.734952 -0.678119 -0.000000
0.734952 -0.678119 -0.000000
0.734952 -0.678119 -0.000000
0.734952 -0.678119 -0.000000
0.734952 -0.678119 -0.000000
0.000000 0.000000 1.000000
0.000000 0.000000 1.000000
0.000000 0.000000 1.000000
0.000000 0.000000 1.000000
0.000000 0.000000 1.000000
0.000000 0.000000 1.000000
-0.734952 0.678119 0.000000
-0.734952 0.678119 0.000000
-0.734952 0.678119 0.000000
-0.734952 0.678119 0.000000
-0.734952 0.678119 0.000000
-0.734952 0.678119 0.000000
-0.678120 -0.734951 0.000000
-0.678120 -0.734951 0.000000
-0.678120 -0.734951 0.000000
-0.678120 -0.734951 0.000000
-0.678120 -0.734951 0.000000
-0.678120 -0.734951 0.000000
0.678119 0.734952 0.000000
0.678119 0.734952 0.000000
0.678119 0.734952 0.000000
0.678119 0.734952 0.000000
0.678119 0.734952 0.000000
0.678119 0.734952 0.000000
-0.000000 0.000000 -1.000000
-0.000000 0.000001 -1.000000
-0.000000 0.000000 -1.000000
-0.000000 0.000000 -1.000000
0.000000 0.000000 -1.000000
-0.000000 0.000000 -1.000000
0.734951 -0.678120 -0.000000
0.734951 -0.678120 -0.000000
0.734951 -0.678120 -0.000000
0.734951 -0.678120 -0.000000
0.734951 -0.678121 0.000000
0.734951 -0.678120 -0.000000
0.000000 0.000000 1.000000
0.000000 0.000000 1.000000
0.000000 0.000000 1.000000
0.000000 0.000000 1.000000
0.000000 0.000000 1.000000
0.000000 0.000000 1.000000
-0.734951 0.678120 0.000000
-0.734951 0.678120 0.000000
-0.734951 0.678120 0.000000
-0.734951 0.678120 0.000000
-0.734951 0.678120 0.000000
-0.734951 0.678120 0.000000
-0.678120 -0.734951 0.000000
-0.678120 -0.734951 0.000000
-0.678120 -0.734951 0.000000
-0.678120 -0.734951 0.000000
-0.678120 -0.734951 0.000000
-0.678120 -0.734951 0.000000
0.678119 0.734952 0.000000
0.678119 0.734952 0.000000
0.678119 0.734952 0.000000
0.678119 0.734952 0.000000
0.678119 0.734952 0.000000
0.678119 0.734952 0.000000
-0.000000 0.000000 -1.000000
-0.000000 0.000001 -1.000000
-0.000000 0.000000 -1.000000
-0.000000 0.000000 -1.000000
0.000000 0.000000 -1.000000
-0.000000 0.000000 -1.000000
0.734951 -0.678120 -0.000000
0.734951 -0.678120 -0.000000
0.734951 -0.678120 -0.000000
0.734951 -0.678120 -0.000000
0.734951 -0.678121 0.000000
0.734951 -0.678120 -0.000000
0.000000 0.000000 1.000000
0.000000 0.000000 1.000000
0.000000 0.000000 1.000000
0.000000 0.000000 1.000000
0.000000 0.000000 1.000000
0.000000 0.000000 1.000000
-0.734951 0.678120 0.000000
-0.734951 0.678120 0.000000
-0.734951 0.678120 0.000000
-0.734951 0.678120 0.000000
-0.734951 0.678120 0.000000
-0.734951 0.678120 0.000000
-0.678119 -0.734952 -0.000000
-0.678119 -0.734952 -0.000000
-0.678119 -0.734952 -0.000000
-0.678119 -0.734952 -0.000000
-0.678119 -0.734952 -0.000000
-0.678119 -0.734952 -0.000000
0.678119 0.734952 0.000001
0.678119 0.734952 0.000000
0.678119 0.734952 0.000001
0.678119 0.734952 0.000001
0.678119 0.734953 0.000001
0.678119 0.734952 0.000001
0.000000 0.000000 -1.000000
0.000000 0.000000 -1.000000
0.000000 0.000000 -1.000000
0.000000 0.000000 -1.000000
0.000000 0.000000 -1.000000
0.000000 0.000000 -1.000000
0.734952 -0.678119 -0.000001
0.734952 -0.678119 -0.000001
0.734952 -0.678119 -0.000001
0.734952 -0.678119 -0.000001
0.734952 -0.678120 -0.000000
0.734952 -0.678119 -0.000001
-0.000000 -0.000001 1.000000
-0.000000 -0.000001 1.000000
-0.000000 -0.000001 1.000000
-0.000000 -0.000001 1.000000
-0.000000 -0.000001 1.000000
-0.000000 -0.000001 1.000000
-0.734952 0.678119 0.000000
-0.734952 0.678119 0.000000
-0.734952 0.678119 0.000000
-0.734952 0.678119 0.000000
-0.734952 0.678119 0.000000
-0.734952 0.678119 0.000000
-0.678119 -0.734952 0.000000
-0.678119 -0.734952 0.000000
-0.678119 -0.734952 0.000000
-0.678119 -0.734952 0.000000
-0.678119 -0.734952 0.000000
-0.678119 -0.734952 0.000000
0.678119 0.734952 0.000000
0.678120 0.734952 0.000000
0.678119 0.734952 0.000000
0.678119 0.734952 0.000000
0.678119 0.734952 0.000001
0.678119 0.734952 0.000000
0.000000 0.000000 -1.000000
0.000000 0.000000 -1.000000
0.000000 0.000000 -1.000000
0.000000 0.000000 -1.000000
0.000000 0.000000 -1.000000
0.000000 0.000000 -1.000000
0.734951 -0.678120 0.000000
0.734951 -0.678120 0.000000
0.734951 -0.678120 0.000000
0.734951 -0.678120 0.000000
0.734951 -0.678120 0.000000
0.734951 -0.678120 0.000000
-0.000000 -0.000001 1.000000
-0.000000 -0.000001 1.000000
-0.000000 -0.000001 1.000000
-0.000000 -0.000001 1.000000
-0.000000 -0.000001 1.000000
-0.000000 -0.000001 1.000000
-0.734952 0.678119 0.000000
-0.734952 0.678119 0.000000
-0.734952 0.678119 0.000000
-0.734952 0.678119 0.000000
-0.734952 0.678119 0.000000
-0.734952 0.678119 0.000000
0.885654 0.197052 0.420461
0.865394 0.385095 0.320617
0.865395 0.385094 0.320616
0.865395 0.385094 0.320616
0.885654 0.197051 0.420462
0.885654 0.197052 0.420461
0.001254 -0.768498 -0.639850
0.001253 -0.768498 -0.639851
0.001253 -0.768498 -0.639851
0.001253 -0.768498 -0.639851
0.001254 -0.768498 -0.639851
0.001254 -0.768498 -0.639850
-0.886749 0.196152 0.418569
-0.866651 0.383410 0.319239
-0.866651 0.383410 0.319239
-0.866651 0.383410 0.319239
-0.886749 0.196152 0.418569
-0.886749 0.196152 0.418569
0.884315 -0.191685 0.425728
0.885654 0.197052 0.420461
0.885654 0.197051 0.420462
0.885654 0.197051 0.420462
0.884315 -0.191685 0.425728
0.884315 -0.191685 0.425728
0.001246 0.000000 -0.999999
0.001249 -0.000000 -0.999999
0.001249 -0.000000 -0.999999
0.001249 -0.000000 -0.999999
0.001246 0.000000 -0.999999
0.001246 0.000000 -0.999999
-0.885420 -0.190813 0.423818
-0.886749 0.196152 0.418569
-0.886749 0.196152 0.418569
-0.886749 0.196152 0.418569
-0.885420 -0.190814 0.423818
-0.885420 -0.190813 0.423818
0.865398 -0.375171 0.332165
0.884315 -0.191685 0.425728
0.884315 -0.191685 0.425728
0.884315 -0.191685 0.425728
0.865398 -0.375171 0.332165
0.865398 -0.375171 0.332165
0.001252 0.748704 -0.662904
0.001251 0.748704 -0.662903
0.001251 0.748704 -0.662903
0.001251 0.748704 -0.662903
0.001252 0.748704 -0.662904
0.001252 0.748704 -0.662904
-0.866651 -0.373534 0.330740
-0.885420 -0.190813 0.423818
-0.885420 -0.190814 0.423818
-0.885420 -0.190814 0.423818
-0.866651 -0.373534 0.330740
-0.866651 -0.373534 0.330740
0.865388 -0.000000 -0.501102
0.865385 0.000000 -0.501108
0.865385 0.000000 -0.501107
0.865385 0.000000 -0.501107
0.865388 -0.000000 -0.501102
0.865388 -0.000000 -0.501102
0.001277 -0.000000 0.999999
0.001277 -0.000000 0.999999
0.001277 -0.000000 0.999999
0.001277 -0.000000 0.999999
0.001277 -0.000000 0.999999
0.001277 -0.000000 0.999999
-0.866669 0.000000 -0.498884
-0.866663 -0.000000 -0.498894
-0.866663 -0.000000 -0.498894
-0.866663 -0.000000 -0.498894
-0.866669 0.000000 -0.498883
-0.866669 0.000000 -0.498884
-0.125202 -0.830030 -0.543484
-0.140545 -0.830541 -0.538933
-0.140545 -0.830541 -0.538933
-0.140545 -0.830541 -0.538933
-0.126481 -0.830080 -0.543111
-0.125202 -0.830030 -0.543484
0.225676 0.000000 0.974202
0.252345 0.000000 0.967638
0.252345 0.000000 0.967637
0.252345 0.000000 0.967637
0.225676 0.000000 0.974202
0.225676 0.000000 0.974202
-0.126481 0.830080 -0.543111
-0.140545 0.830541 -0.538933
-0.140545 0.830541 -0.538933
-0.140545 0.830541 -0.538933
-0.125202 0.830030 -0.543485
-0.126481 0.830080 -0.543111
-0.102944 -0.829135 -0.549489
-0.125202 -0.830030 -0.543484
-0.126481 -0.830080 -0.543111
-0.126481 -0.830080 -0.543111
-0.103511 -0.829153 -0.549355
-0.102944 -0.829135 -0.549489
0.184659 0.000000 0.982803
0.225676 0.000000 0.974202
0.225676 0.000000 0.974202
0.225676 0.000000 0.974202
0.184659 0.000000 0.982803
0.184659 0.000000 0.982803
-0.103511 0.829152 -0.549356
-0.126481 0.830080 -0.543111
-0.125202 0.830030 -0.543485
-0.125202 0.830030 -0.543485
-0.102944 0.829134 -0.549490
-0.103511 0.829152 -0.549356
-0.086490 -0.828650 -0.553045
-0.102944 -0.829135 -0.549489
-0.103511 -0.829153 -0.549355
-0.103511 -0.829153 -0.549355
-0.087015 -0.828665 -0.552941
-0.086490 -0.828650 -0.553045
0.154988 0.000000 0.987916
0.184659 0.000000 0.982803
0.184659 0.000000 0.982803
0.184659 0.000000 0.982803
0.154988 0.000000 0.987916
0.154988 0.000000 0.987916
-0.087015 0.828664 -0.552941
-0.103511 0.829152 -0.549356
-0.102944 0.829134 -0.549490
-0.102944 0.829134 -0.549490
-0.086489 0.828650 -0.553045
-0.087015 0.828664 -0.552941
-0.066528 -0.828198 -0.556472
-0.086490 -0.828650 -0.553045
-0.087015 -0.828665 -0.552941
-0.087015 -0.828665 -0.552941
-0.067065 -0.828210 -0.556391
-0.066528 -0.828198 -0.556472
0.119196 0.000000 0.992871
0.154988 0.000000 0.987916
0.154988 0.000000 0.987916
0.154988 0.000000 0.987916
0.119196 0.000000 0.992871
0.119196 0.000000 0.992871
-0.067065 0.828209 -0.556392
-0.087015 0.828664 -0.552941
-0.086489 0.828650 -0.553045
-0.086489 0.828650 -0.553045
-0.066528 0.828198 -0.556473
-0.067065 0.828209 -0.556392
-0.038574 -0.827819 -0.559667
-0.066528 -0.828198 -0.556472
-0.067065 -0.828210 -0.556391
-0.067065 -0.828210 -0.556391
-0.039035 -0.827825 -0.559627
-0.038574 -0.827819 -0.559667
0.069182 0.000000 0.997604
0.119196 0.000000 0.992871
0.119196 0.000000 0.992871
0.119196 0.000000 0.992871
0.069182 0.000000 0.997604
0.069182 0.000000 0.997604
-0.039035 0.827824 -0.559628
-0.067065 0.828209 -0.556392
-0.066528 0.828198 -0.556473
-0.066528 0.828198 -0.556473
-0.038574 0.827819 -0.559668
-0.039035 0.827824 -0.559628
0.004890 -0.827849 -0.560930
-0.038574 -0.827819 -0.559667
-0.039035 -0.827825 -0.559627
-0.039035 -0.827825 -0.559627
0.004986 -0.827849 -0.560929
0.004890 -0.827849 -0.560930
-0.008806 0.000000 0.999961
0.069182 0.000000 0.997604
0.069182 0.000000 0.997604
0.069182 0.000000 0.997604
-0.008806 0.000000 0.999961
-0.008806 0.000000 0.999961
0.004986 0.827848 -0.560930
-0.039035 0.827824 -0.559628
-0.038574 0.827819 -0.559668
-0.038574 0.827819 -0.559668
0.004890 0.827848 -0.560931
0.004986 0.827848 -0.560930
0.032022 -0.827588 -0.560422
0.004890 -0.827849 -0.560930
0.004986 -0.827849 -0.560929
0.004986 -0.827849 -0.560929
0.032022 -0.827588 -0.560422
0.032022 -0.827588 -0.560422
-0.057047 0.000000 0.998372
-0.008806 0.000000 0.999961
-0.008806 0.000000 0.999961
-0.008806 0.000000 0.999961
-0.057047 0.000000 0.998372
-0.057047 0.000000 0.998372
0.032023 0.827587 -0.560423
0.004986 0.827848 -0.560930
0.004890 0.827848 -0.560931
0.004890 0.827848 -0.560931
0.032023 0.827587 -0.560423
0.032023 0.827587 -0.560423
-0.940769 0.000000 0.339049
-0.940769 0.000000 0.339049
-0.940769 0.000000 0.339049
0.996897 0.000000 0.078723
0.996897 0.000000 0.078723
0.996897 0.000000 0.078723
-0.125202 -0.830030 -0.543484
-0.140545 -0.830542 -0.538931
-0.140545 -0.830542 -0.538932
-0.140545 -0.830542 -0.538932
-0.126481 -0.830081 -0.543110
-0.125202 -0.830030 -0.543484
0.225676 0.000000 0.974202
0.252344 0.000000 0.967637
0.252344 0.000000 0.967637
0.252344 0.000000 0.967637
0.225676 0.000000 0.974203
0.225676 0.000000 0.974202
-0.126480 0.830081 -0.543110
-0.140546 0.830540 -0.538934
-0.140545 0.830540 -0.538934
-0.140545 0.830540 -0.538934
-0.125201 0.830030 -0.543484
-0.126480 0.830081 -0.543110
-0.102944 -0.829136 -0.549487
-0.125202 -0.830030 -0.543484
-0.126481 -0.830081 -0.543110
-0.126481 -0.830081 -0.543110
-0.103511 -0.829154 -0.549353
-0.102944 -0.829136 -0.549487
0.184659 0.000000 0.982803
0.225676 0.000000 0.974202
0.225676 0.000000 0.974203
0.225676 0.000000 0.974203
0.184659 0.000000 0.982803
0.184659 0.000000 0.982803
-0.103511 0.829153 -0.549356
-0.126480 0.830081 -0.543110
-0.125201 0.830030 -0.543484
-0.125201 0.830030 -0.543484
-0.102944 0.829134 -0.549490
-0.103511 0.829153 -0.549356
-0.086489 -0.828651 -0.553044
-0.102944 -0.829136 -0.549487
-0.103511 -0.829154 -0.549353
-0.103511 -0.829154 -0.549353
-0.087015 -0.828665 -0.552940
-0.086489 -0.828651 -0.553044
0.154988 0.000000 0.987916
0.184659 0.000000 0.982803
0.184659 0.000000 0.982803
0.184659 0.000000 0.982803
0.154988 0.000000 0.987916
0.154988 0.000000 0.987916
-0.087016 0.828663 -0.552942
-0.103511 0.829153 -0.549356
-0.102944 0.829134 -0.549490
-0.102944 0.829134 -0.549490
-0.086490 0.828649 -0.553046
-0.087016 0.828663 -0.552942
-0.066528 -0.828198 -0.556473
-0.086489 -0.828651 -0.553044
-0.087015 -0.828665 -0.552940
-0.087015 -0.828665 -0.552940
-0.067065 -0.828209 -0.556391
-0.066528 -0.828198 -0.556473
0.119196 0.000000 0.992871
0.154988 0.000000 0.987916
0.154988 0.000000 0.987916
0.154988 0.000000 0.987916
0.119196 -0.000000 0.992871
0.119196 0.000000 0.992871
-0.067065 0.828211 -0.556389
-0.087016 0.828663 -0.552942
-0.086490 0.828649 -0.553046
-0.086490 0.828649 -0.553046
-0.066527 0.828200 -0.556470
-0.067065 0.828211 -0.556389
-0.038574 -0.827819 -0.559667
-0.066528 -0.828198 -0.556473
-0.067065 -0.828209 -0.556391
-0.067065 -0.828209 -0.556391
-0.039035 -0.827825 -0.559627
-0.038574 -0.827819 -0.559667
0.069182 -0.000002 0.997604
0.119196 0.000000 0.992871
0.119196 -0.000000 0.992871
0.119196 -0.000000 0.992871
0.069182 -0.000002 0.997604
0.069182 -0.000002 0.997604
-0.039036 0.827824 -0.559628
-0.067065 0.828211 -0.556389
-0.066527 0.828200 -0.556470
-0.066527 0.828200 -0.556470
-0.038575 0.827818 -0.559669
-0.039036 0.827824 -0.559628
0.004890 -0.827849 -0.560930
-0.038574 -0.827819 -0.559667
-0.039035 -0.827825 -0.559627
-0.039035 -0.827825 -0.559627
0.004986 -0.827849 -0.560929
0.004890 -0.827849 -0.560930
-0.008806 -0.000000 0.999961
0.069182 -0.000002 0.997604
0.069182 -0.000002 0.997604
0.069182 -0.000002 0.997604
-0.008806 -0.000000 0.999961
-0.008806 -0.000000 0.999961
0.004986 0.827849 -0.560929
-0.039036 0.827824 -0.559628
-0.038575 0.827818 -0.559669
-0.038575 0.827818 -0.559669
0.004890 0.827849 -0.560930
0.004986 0.827849 -0.560929
0.032022 -0.827588 -0.560422
0.004890 -0.827849 -0.560930
0.004986 -0.827849 -0.560929
0.004986 -0.827849 -0.560929
0.032022 -0.827588 -0.560422
0.032022 -0.827588 -0.560422
-0.057047 -0.000002 0.998372
-0.008806 -0.000000 0.999961
-0.008806 -0.000000 0.999961
-0.008806 -0.000000 0.999961
-0.057047 -0.000002 0.998371
-0.057047 -0.000002 0.998372
0.032022 0.827587 -0.560424
0.004986 0.827849 -0.560929
0.004890 0.827849 -0.560930
0.004890 0.827849 -0.560930
0.032022 0.827587 -0.560424
0.032022 0.827587 -0.560424
-0.940768 0.000000 0.339049
-0.940769 0.000000 0.339049
-0.940769 0.000000 0.339049
0.996897 -0.000000 0.078723
0.996897 -0.000000 0.078723
0.996896 -0.000000 0.078723
</float_array>
          <technique_common>
            <accessor source="#Boat004-Normal0-array" count="1620" stride="3">
              <param name="X" type="float"/>
              <param name="Y" type="float"/>
              <param name="Z" type="float"/>
            </accessor>
          </technique_common>
        </source>
        <source id="Boat004-UV0">
          <float_array id="Boat004-UV0-array" count="1472">
0.220948 0.414205
0.224620 0.414205
0.218827 0.414205
0.042652 0.946677
0.044740 0.946677
0.042687 0.946677
0.212906 0.414205
0.216850 0.414205
0.218827 0.414205
0.040607 0.946677
0.039811 0.946677
0.042652 0.946677
0.225046 0.400990
0.223951 0.397338
0.224284 0.400990
0.218843 0.391187
0.218868 0.394455
0.222127 0.393974
0.042696 0.938603
0.044238 0.938603
0.042684 0.936607
0.223951 0.397338
0.222483 0.397434
0.224284 0.400990
0.218868 0.394455
0.222483 0.397434
0.222127 0.393974
0.044238 0.938603
0.044406 0.936430
0.042684 0.936607
0.223951 0.397338
0.222127 0.393974
0.222483 0.397434
0.042672 0.934610
0.042684 0.936607
0.044406 0.936430
0.044238 0.938603
0.045270 0.938603
0.044406 0.936430
0.212640 0.400990
0.213470 0.400990
0.213860 0.397338
0.042696 0.938603
0.042684 0.936607
0.041180 0.938603
0.218843 0.391187
0.215622 0.393974
0.218868 0.394455
0.213470 0.400990
0.215357 0.397434
0.213860 0.397338
0.042684 0.936607
0.040987 0.936430
0.041180 0.938603
0.215622 0.393974
0.215357 0.397434
0.218868 0.394455
0.040082 0.938603
0.041180 0.938603
0.040987 0.936430
0.042684 0.936607
0.042672 0.934610
0.040987 0.936430
0.215622 0.393974
0.213860 0.397338
0.215357 0.397434
0.045389 0.943986
0.045313 0.941295
0.044371 0.941295
0.044607 0.943986
0.225046 0.414205
0.225046 0.409800
0.224531 0.409800
0.224620 0.414205
0.224284 0.400990
0.224373 0.405395
0.225046 0.405395
0.225046 0.400990
0.042696 0.938603
0.042697 0.941295
0.044371 0.941295
0.044238 0.938603
0.044740 0.946677
0.044607 0.943986
0.042686 0.943986
0.042687 0.946677
0.225046 0.409800
0.225046 0.405395
0.224373 0.405395
0.224531 0.409800
0.044238 0.938603
0.044371 0.941295
0.045313 0.941295
0.045270 0.938603
0.042697 0.941295
0.042686 0.943986
0.044607 0.943986
0.044371 0.941295
0.045432 0.946677
0.045389 0.943986
0.044607 0.943986
0.044740 0.946677
0.040753 0.943986
0.041034 0.941295
0.040013 0.941295
0.039880 0.943986
0.042687 0.946677
0.042686 0.943986
0.040753 0.943986
0.040607 0.946677
0.041180 0.938603
0.041034 0.941295
0.042697 0.941295
0.042696 0.938603
0.212640 0.400990
0.212640 0.405395
0.213325 0.405395
0.213470 0.400990
0.212906 0.414205
0.213050 0.409800
0.212640 0.409800
0.212640 0.414205
0.042686 0.943986
0.042697 0.941295
0.041034 0.941295
0.040753 0.943986
0.040082 0.938603
0.040013 0.941295
0.041034 0.941295
0.041180 0.938603
0.212640 0.405395
0.212640 0.409800
0.213050 0.409800
0.213325 0.405395
0.040607 0.946677
0.040753 0.943986
0.039880 0.943986
0.039811 0.946677
0.225046 0.414205
0.220948 0.414205
0.220832 0.414007
0.224703 0.414007
0.220948 0.414205
0.216850 0.414205
0.216962 0.414007
0.220832 0.414007
0.216850 0.414205
0.212640 0.414205
0.212986 0.414007
0.216962 0.414007
0.212640 0.409800
0.212986 0.414007
0.212640 0.414205
0.212640 0.400990
0.213860 0.397338
0.214137 0.398076
0.212986 0.401525
0.213860 0.397338
0.215622 0.393974
0.215802 0.394899
0.214137 0.398076
0.215622 0.393974
0.218843 0.391187
0.218844 0.392267
0.215802 0.394899
0.222127 0.393974
0.218844 0.392267
0.218843 0.391187
0.223951 0.397338
0.221945 0.394899
0.222127 0.393974
0.225046 0.400990
0.223669 0.398076
0.223951 0.397338
0.224703 0.414007
0.225046 0.409800
0.225046 0.414206
0.118063 0.843956
0.117441 0.819191
0.117441 0.842423
0.066081 0.819191
0.118063 0.819187
0.052995 0.819187
0.052995 0.819187
0.035012 0.863935
0.051887 0.863938
0.066081 0.819191
0.035012 0.863935
0.018450 0.822468
0.038815 0.822471
0.051887 0.863938
0.018450 0.822468
0.004730 0.858218
0.027985 0.858215
0.038815 0.822471
0.004730 0.858218
0.018450 0.821004
0.038815 0.821001
0.027985 0.858215
0.018450 0.821004
0.035012 0.863932
0.051887 0.863929
0.038815 0.821001
0.035012 0.863932
0.052995 0.816263
0.066081 0.816260
0.051887 0.863929
0.118063 0.816263
0.066081 0.816260
0.052995 0.816263
0.214137 0.401313
0.215802 0.398805
0.216062 0.399592
0.214538 0.401556
0.215802 0.398805
0.218844 0.396728
0.218848 0.397965
0.216062 0.399592
0.218844 0.396728
0.221945 0.398805
0.221688 0.399592
0.218848 0.397965
0.221945 0.398805
0.223668 0.401313
0.223266 0.401311
0.221688 0.399592
0.435602 0.352528
0.433101 0.351233
0.433704 0.351146
0.436034 0.352393
0.433101 0.351233
0.431028 0.348868
0.431773 0.348867
0.433704 0.351146
0.431028 0.348868
0.433101 0.346456
0.433704 0.346543
0.431773 0.348867
0.433101 0.346456
0.435290 0.345116
0.435743 0.345252
0.433704 0.346543
0.214697 0.401896
0.216166 0.400066
0.216410 0.400865
0.215067 0.402512
0.216166 0.400066
0.218850 0.398550
0.218853 0.399507
0.216410 0.400865
0.221585 0.400066
0.221356 0.400821
0.218853 0.399507
0.218850 0.398550
0.223106 0.401667
0.222762 0.402254
0.221356 0.400821
0.221585 0.400066
0.456175 0.360100
0.456896 0.359743
0.456651 0.362216
0.455942 0.362746
0.455942 0.362746
0.456651 0.362216
0.457367 0.365333
0.456772 0.366023
0.457367 0.365333
0.460614 0.365456
0.460232 0.366164
0.456772 0.366023
0.460614 0.365456
0.463238 0.364545
0.463036 0.365199
0.460232 0.366164
0.038230 0.861657
0.021876 0.855626
0.033854 0.855626
0.021876 0.855626
0.008329 0.844601
0.023694 0.844601
0.033854 0.855626
0.008329 0.844601
0.021876 0.833364
0.033854 0.833364
0.023694 0.844601
0.215412 0.400602
0.212945 0.399278
0.215320 0.400553
0.212945 0.399278
0.210901 0.396859
0.212869 0.399188
0.212945 0.394393
0.210977 0.396767
0.210901 0.396859
0.215104 0.393022
0.213025 0.394341
0.212945 0.394393
0.212986 0.404036
0.213073 0.413817
0.212986 0.413888
0.220804 0.413818
0.220832 0.413888
0.220205 0.413820
0.216962 0.413888
0.216989 0.413820
0.212986 0.413888
0.213073 0.413817
0.216351 0.413817
0.216989 0.413820
0.216962 0.413888
0.220832 0.413888
0.220804 0.413818
0.224008 0.413818
0.224617 0.413817
0.224703 0.413888
0.224703 0.404036
0.224617 0.413817
0.224617 0.404035
0.213254 0.403606
0.213073 0.404035
0.212986 0.404036
0.223106 0.401667
0.223667 0.403229
0.214479 0.403230
0.214697 0.401896
0.215067 0.402512
0.437733 0.344693
0.435743 0.345252
0.435290 0.345116
0.437733 0.344550
0.437733 0.352891
0.437733 0.353035
0.436034 0.352393
0.215412 0.400602
0.215896 0.400745
0.215412 0.400602
0.039066 0.861657
0.039066 0.861826
0.038230 0.861657
0.214751 0.403230
0.463659 0.364288
0.463725 0.364342
0.463238 0.364545
0.463036 0.365199
0.221274 0.402337
0.220962 0.402502
0.221186 0.401381
0.221815 0.402038
0.215927 0.392824
0.215104 0.393022
0.215104 0.393022
0.039066 0.826695
0.039066 0.827120
0.036188 0.827120
0.039066 0.826644
0.223390 0.403229
0.223073 0.403229
0.222762 0.402254
0.457240 0.359041
0.456896 0.359743
0.457162 0.358978
0.456175 0.360100
0.456887 0.358753
0.216792 0.402502
0.216567 0.401381
0.216792 0.402502
0.216036 0.402038
0.216567 0.401381
0.218359 0.403005
0.218855 0.400102
0.218860 0.403168
0.039066 0.858189
0.219963 0.402829
0.218860 0.403168
0.220962 0.402502
0.218855 0.400102
0.221186 0.401381
0.036188 0.827120
0.039066 0.827120
0.039066 0.830332
0.021876 0.833364
0.039066 0.828638
0.435602 0.352528
0.224052 0.403230
0.223266 0.401311
0.223668 0.401313
0.224311 0.403230
0.224703 0.404036
0.224617 0.404035
0.213826 0.403229
0.214538 0.401556
0.214137 0.401313
0.213490 0.403229
0.213414 0.403230
0.216850 0.414205
0.225046 0.414205
0.040607 0.946677
0.045432 0.946677
0.212640 0.414206
0.212986 0.401525
0.212640 0.405395
0.212640 0.400990
0.221945 0.394899
0.223669 0.398076
0.224703 0.401525
0.225046 0.405395
0.224703 0.401525
0.225046 0.400990
0.118063 0.819187
0.117441 0.819191
0.117441 0.816260
0.212945 0.399278
0.210901 0.396859
0.212945 0.394393
0.215104 0.393022
0.213073 0.404035
0.224703 0.413888
0.214110 0.403230
0.437733 0.344775
0.215533 0.400638
0.464028 0.364590
0.215538 0.392918
0.039066 0.861657
0.033854 0.833364
0.437733 0.353132
0.223933 0.403230
0.032232 0.954646
0.032233 0.955320
0.030081 0.956098
0.030080 0.955740
0.032233 0.958935
0.030081 0.958020
0.032230 0.959652
0.030080 0.958402
0.032230 0.963337
0.030080 0.960361
0.021647 0.963337
0.024451 0.960361
0.021182 0.963133
0.024205 0.960253
0.020775 0.962954
0.023988 0.960158
0.020775 0.950704
0.023988 0.953644
0.021647 0.950360
0.024451 0.953461
0.032230 0.950360
0.030080 0.953461
0.032232 0.951045
0.030080 0.953825
0.892290 0.024691
0.983515 0.024691
0.983527 0.028708
0.983527 0.049837
0.983539 0.053786
0.983539 0.074996
0.983515 0.079203
0.983515 0.100823
0.892290 0.100823
0.888289 0.099627
0.884774 0.098576
0.884774 0.026710
0.220653 0.711802
0.218849 0.711816
0.218824 0.705317
0.220628 0.705304
0.209163 0.711888
0.209138 0.705389
0.207242 0.711902
0.207216 0.705403
0.197369 0.711976
0.197343 0.705477
0.200015 0.711956
0.199989 0.705457
0.198606 0.711967
0.198581 0.705468
0.197369 0.711976
0.197343 0.705477
0.198291 0.711969
0.198265 0.705470
0.229491 0.711737
0.229465 0.705238
0.197377 0.711976
0.197352 0.705477
0.230302 0.711730
0.230277 0.705232
0.232128 0.711717
0.232102 0.705218
0.231110 0.711725
0.231085 0.705226
0.232137 0.711717
0.232111 0.705218
0.232137 0.711717
0.232111 0.705218
0.075238 0.849713
0.104423 0.866537
0.075238 0.865494
0.104423 0.849712
0.075238 0.833933
0.104423 0.832888
0.201887 0.474160
0.205485 0.474161
0.209266 0.477875
0.217103 0.472576
0.219608 0.470846
0.225121 0.474437
0.230117 0.477896
0.231677 0.477334
0.234384 0.474161
0.236141 0.474160
0.237716 0.474160
0.238157 0.474160
0.238210 0.474159
0.239812 0.470218
0.240282 0.468978
0.241946 0.465023
0.243594 0.461228
0.245033 0.457734
0.245538 0.456504
0.246412 0.454082
0.247029 0.451597
0.248373 0.447153
0.191781 0.447153
0.192179 0.448449
0.193923 0.454120
0.194516 0.455500
0.195397 0.457783
0.197314 0.461860
0.198723 0.464963
0.200560 0.469291
0.200959 0.470218
0.201711 0.474160
0.132430 0.973446
0.143975 0.973446
0.132430 0.996087
0.143975 0.996087
0.132430 0.973446
0.143975 0.973446
0.132430 0.996087
0.143975 0.996087
0.132430 0.973446
0.143975 0.973446
0.132430 0.996087
0.143975 0.996087
0.055102 0.969441
0.066457 0.969441
0.066457 0.980350
0.055102 0.980350
0.055102 0.969441
0.066457 0.969441
0.066457 0.980350
0.055102 0.980350
0.055102 0.969441
0.066457 0.969441
0.066457 0.980350
0.055102 0.980350
0.055102 0.969441
0.066457 0.969441
0.066457 0.980350
0.055102 0.980350
0.055102 0.969441
0.066457 0.969441
0.066457 0.980350
0.055102 0.980350
0.055102 0.969441
0.066457 0.969441
0.066457 0.980350
0.055102 0.980350
0.202567 0.973714
0.206090 0.973714
0.202567 0.979093
0.206090 0.979093
0.202567 0.973714
0.206090 0.973714
0.202567 0.979093
0.206090 0.979093
0.202567 0.973714
0.206090 0.973714
0.202567 0.979093
0.206090 0.979093
0.075027 0.955183
0.084258 0.955183
0.075027 0.960781
0.084258 0.960781
0.075027 0.955183
0.084258 0.955183
0.075027 0.960781
0.084258 0.960781
0.075027 0.955183
0.084258 0.955183
0.075027 0.960781
0.084258 0.960781
0.202567 0.973714
0.206090 0.973714
0.202567 0.979093
0.206090 0.979093
0.202567 0.973714
0.206090 0.973714
0.202567 0.979093
0.206090 0.979093
0.202567 0.973714
0.206090 0.973714
0.202567 0.979093
0.206090 0.979093
0.132430 0.973446
0.143975 0.973446
0.132430 0.996087
0.143975 0.996087
0.132430 0.973446
0.143975 0.973446
0.132430 0.996087
0.143975 0.996087
0.132430 0.973446
0.143975 0.973446
0.132430 0.996087
0.143975 0.996087
0.075027 0.955183
0.084258 0.955183
0.075027 0.960781
0.084258 0.960781
0.075027 0.955183
0.084258 0.955183
0.075027 0.960781
0.084258 0.960781
0.075027 0.955183
0.084258 0.955183
0.075027 0.960781
0.084258 0.960781
0.066457 0.969441
0.066457 0.969441
0.055102 0.980350
0.055102 0.980350
0.055102 0.980350
0.055102 0.969441
0.066457 0.980350
0.066457 0.969441
0.055102 0.980350
0.055102 0.969441
0.066457 0.980350
0.066457 0.969441
0.055102 0.980350
0.055102 0.969441
0.066457 0.980350
0.066457 0.969441
0.055102 0.980350
0.055102 0.969441
0.066457 0.980350
0.066457 0.969441
0.066457 0.980350
0.055102 0.969441
0.066457 0.980350
0.055102 0.969441
0.075027 0.955183
0.084258 0.955183
0.075027 0.960781
0.084258 0.960781
0.075027 0.955183
0.084258 0.955183
0.075027 0.960781
0.084258 0.960781
0.075027 0.955183
0.084258 0.955183
0.075027 0.960781
0.084258 0.960781
0.202567 0.973714
0.206090 0.973714
0.202567 0.979093
0.206090 0.979093
0.202567 0.973714
0.206090 0.973714
0.202567 0.979093
0.206090 0.979093
0.202567 0.973714
0.206090 0.973714
0.202567 0.979093
0.206090 0.979093
0.082593 0.927237
0.082128 0.926745
0.082128 0.926745
0.075673 0.924379
0.076137 0.924271
0.076139 0.924271
0.075673 0.921061
0.076137 0.921165
0.076139 0.921165
0.082593 0.918022
0.082128 0.918534
0.082128 0.918535
0.073142 0.924307
0.072763 0.924174
0.072763 0.924440
0.073485 0.924307
0.073103 0.924174
0.073103 0.924440
0.074180 0.924307
0.073794 0.924174
0.073794 0.924440
0.075038 0.924307
0.074649 0.924174
0.074649 0.924440
0.075875 0.924307
0.075484 0.924174
0.075484 0.924440
0.076505 0.924307
0.076110 0.924174
0.076110 0.924440
0.076740 0.924307
0.076344 0.924174
0.076344 0.924440
0.076393 0.924307
0.075999 0.924174
0.075999 0.924440
0.073142 0.920997
0.072763 0.920864
0.072763 0.921130
0.073485 0.920997
0.073103 0.920864
0.073103 0.921130
0.074180 0.920997
0.073794 0.920864
0.073794 0.921130
0.075038 0.920997
0.074649 0.920864
0.074649 0.921130
0.075875 0.920997
0.075484 0.920864
0.075484 0.921130
0.076505 0.920997
0.076110 0.920864
0.076110 0.921130
0.076740 0.920997
0.076344 0.920864
0.076344 0.921130
0.076393 0.920997
0.075999 0.920864
0.075999 0.921130
</float_array>
          <technique_common>
            <accessor source="#Boat004-UV0-array" count="736" stride="2">
              <param name="S" type="float"/>
              <param name="T" type="float"/>
            </accessor>
          </technique_common>
        </source>
        <vertices id="Boat004-VERTEX">
          <input semantic="POSITION" source="#Boat004-POSITION"/>
        </vertices>
        <triangles count="420" material="_01 - Default"><input semantic="VERTEX" offset="0" source="#Boat004-VERTEX"/><input semantic="NORMAL" offset="1" source="#Boat004-Normal0"/><input semantic="TEXCOORD" offset="2" set="0" source="#Boat004-UV0"/><p> 2 0 0 7 1 394 9 2 2 2 3 0 9 4 2 1 5 1 2 6 0 1 7 1 0 8 395 9 9 3 4 10 396 3 11 5 9 12 3 3 13 5 5 14 4 9 15 3 5 16 4 1 17 397 8 18 6 9 19 8 7 20 7 7 21 7 6 22 398 8 23 6 4 24 9 9 25 11 8 26 10 10 27 12 12 28 14 11 29 13 13 30 15 15 31 17 14 32 16 16 33 18 18 34 20 17 35 19 11 36 21 12 37 23 19 38 22 14 39 24 15 40 26 19 41 25 17 42 27 18 43 29 19 44 28 11 45 30 19 46 32 15 47 31 14 48 33 19 49 35 18 50 34 17 51 36 19 52 38 12 53 37 20 54 39 22 55 41 21 56 40 16 57 42 23 58 44 18 59 43 13 60 45 14 61 47 24 62 46 21 63 48 22 64 50 25 65 49 18 66 51 23 67 53 25 68 52 24 69 54 14 70 56 25 71 55 21 72 57 25 73 59 23 74 58 18 75 60 25 76 62 14 77 61 24 78 63 25 79 65 22 80 64 28 81 68 27 82 67 26 83 66 26 84 66 29 85 69 28 86 68 26 87 72 30 88 71 0 89 70 0 90 70 1 91 73 26 92 72 31 93 76 27 94 75 12 95 74 12 96 74 10 97 77 31 98 76 28 99 80 32 100 79 16 101 78 16 102 78 17 103 81 28 104 80 33 105 84 29 106 83 5 107 82 5 108 82 3 109 85 33 110 84 27 111 88 31 112 87 30 113 86 30 114 86 26 115 89 27 116 88 27 117 92 28 118 91 17 119 90 17 120 90 12 121 93 27 122 92 29 123 96 33 124 95 32 125 94 32 126 94 28 127 97 29 128 96 29 129 100 26 130 99 1 131 98 1 132 98 5 133 101 29 134 100 36 135 104 35 136 103 34 137 102 34 138 102 37 139 105 36 140 104 34 141 108 33 142 107 3 143 106 3 144 106 4 145 109 34 146 108 32 147 112 35 148 111 23 149 110 23 150 110 16 151 113 32 152 112 36 153 116 38 154 115 20 155 114 20 156 114 21 157 117 36 158 116 39 159 120 37 160 119 8 161 118 8 162 118 6 163 121 39 164 120 35 165 124 32 166 123 33 167 122 33 168 122 34 169 125 35 170 124 35 171 128 36 172 127 21 173 126 21 174 126 23 175 129 35 176 128 37 177 132 39 178 131 38 179 130 38 180 130 36 181 133 37 182 132 37 183 136 34 184 135 4 185 134 4 186 134 8 187 137 37 188 136 40 189 140 2 190 139 0 191 138 0 192 138 41 193 141 40 194 140 42 195 144 7 196 143 2 197 142 2 198 142 40 199 145 42 200 144 43 201 148 6 202 147 7 203 146 7 204 146 42 205 149 43 206 148 45 207 155 22 208 154 20 209 153 20 210 153 44 211 156 45 212 155 46 213 159 24 214 158 22 215 157 22 216 157 45 217 160 46 218 159 47 219 163 13 220 162 24 221 161 24 222 161 46 223 164 47 224 163 15 225 165 13 226 167 47 227 166 47 228 166 48 229 402 15 230 165 11 231 168 15 232 170 48 233 169 48 234 169 49 235 403 11 236 168 10 237 171 11 238 173 49 239 172 49 240 172 50 241 404 10 242 171 42 243 177 53 244 179 54 245 178 54 246 178 43 247 408 42 248 177 55 249 180 44 250 182 43 251 181 43 252 181 54 253 409 55 254 180 56 255 185 45 256 184 44 257 183 44 258 183 55 259 186 56 260 185 57 261 189 46 262 188 45 263 187 45 264 187 56 265 190 57 266 189 58 267 193 47 268 192 46 269 191 46 270 191 57 271 194 58 272 193 59 273 197 48 274 196 47 275 195 47 276 195 58 277 198 59 278 197 60 279 201 49 280 200 48 281 199 48 282 199 59 283 202 60 284 201 61 285 205 50 286 204 49 287 203 49 288 203 60 289 206 61 290 205 41 291 207 50 292 209 61 293 208 61 294 208 52 295 410 41 296 207 63 297 212 57 298 211 56 299 210 56 300 210 62 301 213 63 302 212 64 303 216 58 304 215 57 305 214 57 306 214 63 307 217 64 308 216 65 309 220 59 310 219 58 311 218 58 312 218 64 313 221 65 314 220 66 315 224 60 316 223 59 317 222 59 318 222 65 319 225 66 320 224 68 321 228 63 322 227 62 323 226 62 324 226 67 325 229 68 326 228 69 327 232 64 328 231 63 329 230 63 330 230 68 331 233 69 332 232 70 333 236 65 334 235 64 335 234 64 336 234 69 337 237 70 338 236 71 339 240 66 340 239 65 341 238 65 342 238 70 343 241 71 344 240 73 345 244 68 346 243 67 347 242 67 348 242 72 349 245 73 350 244 74 351 248 69 352 247 68 353 246 68 354 246 73 355 249 74 356 248 74 357 252 75 358 251 70 359 250 70 360 250 69 361 253 74 362 252 75 363 256 76 364 255 71 365 254 71 366 254 70 367 257 75 368 256 81 369 260 80 370 259 76 371 258 76 372 258 75 373 261 81 374 260 82 375 264 81 376 263 75 377 262 75 378 262 74 379 265 82 380 264 73 381 268 83 382 267 82 383 266 82 384 266 74 385 269 73 386 268 72 387 272 84 388 271 83 389 270 83 390 270 73 391 273 72 392 272 85 393 274 111 394 422 125 395 371 85 396 274 125 397 371 77 398 276 85 399 274 77 400 276 86 401 275 78 402 279 87 403 278 86 404 277 86 405 277 77 406 280 78 407 279 79 408 283 88 409 282 87 410 281 87 411 281 78 412 284 79 413 283 84 414 285 85 415 287 86 416 286 86 417 286 83 418 411 84 419 285 83 420 288 86 421 290 87 422 289 87 423 289 82 424 412 83 425 288 81 426 291 82 427 293 87 428 292 87 429 292 88 430 413 81 431 291 80 432 294 81 433 296 88 434 295 88 435 295 89 436 414 80 437 294 55 438 297 54 439 299 91 440 298 91 441 298 98 442 415 55 443 297 93 444 302 94 445 304 53 446 303 93 447 302 53 448 303 51 449 301 93 450 302 51 451 301 92 452 300 95 453 307 91 454 306 54 455 305 95 456 307 54 457 305 53 458 309 95 459 307 53 460 309 94 461 308 96 462 312 92 463 311 51 464 310 96 465 312 51 466 310 52 467 314 96 468 312 52 469 314 90 470 313 61 471 315 97 472 317 90 473 316 90 474 316 52 475 416 61 476 315 131 477 392 129 478 389 62 479 390 131 480 392 62 481 390 56 482 391 101 483 393 131 484 392 56 485 391 100 486 318 101 487 393 56 488 391 100 489 318 56 490 391 55 491 320 100 492 318 55 493 320 98 494 319 105 495 323 112 496 339 72 497 325 105 498 323 72 499 325 67 500 324 105 501 323 67 502 324 104 503 417 106 504 326 107 505 329 66 506 328 106 507 326 66 508 328 71 509 327 106 510 326 71 511 327 103 512 418 62 513 382 129 514 424 108 515 331 67 516 332 62 517 382 108 518 331 104 519 330 67 520 332 108 521 331 85 522 333 84 523 335 110 524 334 110 525 334 109 526 419 85 527 333 111 528 336 85 529 338 109 530 337 72 531 343 112 532 420 113 533 341 84 534 342 72 535 343 113 536 341 110 537 340 84 538 342 113 539 341 79 540 346 114 541 345 115 542 344 115 543 344 116 544 347 79 545 346 118 546 348 80 547 350 89 548 349 89 549 349 117 550 421 118 551 348 89 552 353 119 553 352 120 554 351 120 555 351 117 556 354 89 557 353 102 558 355 103 559 322 71 560 321 102 561 355 71 562 321 76 563 357 102 564 355 76 565 357 121 566 356 122 567 360 121 568 362 76 569 361 122 570 360 76 571 361 80 572 359 122 573 360 80 574 359 118 575 358 123 576 365 77 577 367 125 578 366 124 579 368 126 580 370 78 581 369 124 582 368 78 583 369 77 584 364 124 585 368 77 586 364 123 587 363 114 588 374 79 589 376 78 590 375 78 591 375 126 592 373 127 593 372 114 594 374 78 595 375 127 596 372 128 597 381 119 598 378 89 599 377 128 600 381 89 601 377 88 602 380 116 603 379 128 604 381 88 605 380 116 606 379 88 607 380 79 608 423 99 609 386 97 610 388 61 611 387 99 612 386 61 613 387 60 614 385 130 615 383 99 616 386 60 617 385 130 618 383 60 619 385 66 620 384 130 621 383 66 622 384 107 623 425 44 624 399 20 625 401 38 626 400 39 627 150 6 628 152 43 629 151 38 630 400 39 631 150 43 632 151 44 633 399 38 634 400 43 635 151 31 636 405 10 637 407 50 638 406 31 639 405 50 640 406 41 641 174 41 642 174 0 643 176 30 644 175 31 645 405 41 646 174 30 647 175 40 648 497 41 649 499 52 650 498 40 651 497 52 652 498 51 653 494 51 654 494 53 655 496 42 656 495 40 657 497 51 658 494 42 659 495 153 660 450 152 661 461 151 662 460 153 663 450 151 664 460 150 665 459 149 666 458 148 667 457 147 668 456 149 669 458 147 670 456 146 671 455 149 672 458 146 673 455 145 674 454 149 675 458 145 676 454 144 677 453 150 678 459 149 679 458 144 680 453 153 681 450 150 682 459 144 683 453 153 684 450 144 685 453 155 686 452 153 687 450 155 688 452 154 689 451 111 690 500 109 691 531 110 692 530 101 693 522 99 694 521 130 695 520 131 696 523 101 697 522 130 698 520 129 699 524 131 700 523 130 701 520 108 702 525 129 703 524 130 704 520 108 705 525 130 706 520 107 707 519 108 708 525 107 709 519 106 710 518 104 711 526 108 712 525 106 713 518 104 714 526 106 715 518 103 716 517 105 717 527 104 718 526 103 719 517 105 720 527 103 721 517 102 722 516 105 723 527 102 724 516 121 725 515 112 726 528 105 727 527 121 728 515 113 729 529 112 730 528 121 731 515 113 732 529 121 733 515 122 734 514 110 735 530 113 736 529 122 737 514 110 738 530 122 739 514 118 740 513 110 741 530 118 742 513 117 743 512 110 744 530 117 745 512 120 746 511 110 747 530 120 748 511 119 749 510 110 750 530 119 751 510 128 752 509 110 753 530 128 754 509 116 755 508 110 756 530 116 757 508 115 758 507 110 759 530 115 760 507 114 761 506 110 762 530 114 763 506 127 764 505 110 765 530 127 766 505 126 767 504 124 768 503 123 769 502 125 770 501 126 771 504 124 772 503 125 773 501 110 774 530 126 775 504 125 776 501 111 777 500 110 778 530 125 779 501 92 780 426 132 781 429 133 782 428 133 783 428 93 784 427 92 785 426 93 786 427 133 787 428 134 788 431 134 789 431 94 790 430 93 791 427 94 792 430 134 793 431 135 794 433 135 795 433 95 796 432 94 797 430 95 798 432 135 799 433 136 800 435 136 801 435 91 802 434 95 803 432 91 804 434 136 805 435 137 806 437 137 807 437 98 808 436 91 809 434 98 810 436 137 811 437 138 812 439 138 813 439 100 814 438 98 815 436 100 816 438 138 817 439 139 818 441 139 819 441 101 820 440 100 821 438 101 822 440 139 823 441 140 824 443 140 825 443 99 826 442 101 827 440 99 828 442 140 829 443 141 830 445 141 831 445 97 832 444 99 833 442 97 834 444 141 835 445 142 836 447 142 837 447 90 838 446 97 839 444 90 840 446 142 841 447 143 842 449 143 843 449 96 844 448 90 845 446 96 846 448 143 847 449 132 848 429 132 849 429 92 850 426 96 851 448 132 852 462 144 853 465 145 854 464 145 855 464 133 856 463 132 857 462 133 858 463 145 859 464 146 860 467 146 861 467 134 862 466 133 863 463 134 864 466 146 865 467 147 866 469 147 867 469 135 868 468 134 869 466 135 870 468 147 871 469 148 872 471 148 873 471 136 874 470 135 875 468 136 876 486 148 877 487 149 878 473 149 879 473 137 880 472 136 881 486 137 882 472 149 883 473 150 884 475 150 885 475 138 886 474 137 887 472 138 888 474 150 889 475 151 890 477 151 891 477 139 892 476 138 893 474 139 894 488 151 895 489 152 896 479 152 897 479 140 898 478 139 899 488 140 900 490 152 901 491 153 902 481 153 903 481 141 904 480 140 905 490 141 906 480 153 907 481 154 908 483 154 909 483 142 910 482 141 911 480 142 912 492 154 913 493 155 914 485 155 915 485 143 916 484 142 917 492 143 918 484 155 919 485 144 920 465 144 921 465 132 922 462 143 923 484 240 1284 680 237 1285 677 236 1286 676 236 1287 676 239 1288 679 240 1289 680 241 1290 681 238 1291 678 237 1292 677 237 1293 677 240 1294 680 241 1295 681 239 1296 679 236 1297 676 238 1298 678 238 1299 678 241 1300 681 239 1301 679 243 1302 683 240 1303 680 239 1304 679 239 1305 679 242 1306 682 243 1307 683 244 1308 684 241 1309 681 240 1310 680 240 1311 680 243 1312 683 244 1313 684 242 1314 682 239 1315 679 241 1316 681 241 1317 681 244 1318 684 242 1319 682 246 1320 686 243 1321 683 242 1322 682 242 1323 682 245 1324 685 246 1325 686 247 1326 687 244 1327 684 243 1328 683 243 1329 683 246 1330 686 247 1331 687 245 1332 685 242 1333 682 244 1334 684 244 1335 684 247 1336 687 245 1337 685 237 1338 677 246 1339 686 245 1340 685 245 1341 685 236 1342 676 237 1343 677 238 1344 678 247 1345 687 246 1346 686 246 1347 686 237 1348 677 238 1349 678 236 1350 676 245 1351 685 247 1352 687 247 1353 687 238 1354 678 236 1355 676 252 1356 692 249 1357 689 248 1358 688 248 1359 688 251 1360 691 252 1361 692 253 1362 693 250 1363 690 249 1364 689 249 1365 689 252 1366 692 253 1367 693 251 1368 691 248 1369 688 250 1370 690 250 1371 690 253 1372 693 251 1373 691 255 1374 695 252 1375 692 251 1376 691 251 1377 691 254 1378 694 255 1379 695 256 1380 696 253 1381 693 252 1382 692 252 1383 692 255 1384 695 256 1385 696 254 1386 694 251 1387 691 253 1388 693 253 1389 693 256 1390 696 254 1391 694 258 1392 698 255 1393 695 254 1394 694 254 1395 694 257 1396 697 258 1397 698 259 1398 699 256 1399 696 255 1400 695 255 1401 695 258 1402 698 259 1403 699 257 1404 697 254 1405 694 256 1406 696 256 1407 696 259 1408 699 257 1409 697 261 1410 701 258 1411 698 257 1412 697 257 1413 697 260 1414 700 261 1415 701 262 1416 702 259 1417 699 258 1418 698 258 1419 698 261 1420 701 262 1421 702 260 1422 700 257 1423 697 259 1424 699 259 1425 699 262 1426 702 260 1427 700 264 1428 704 261 1429 701 260 1430 700 260 1431 700 263 1432 703 264 1433 704 265 1434 705 262 1435 702 261 1436 701 261 1437 701 264 1438 704 265 1439 705 263 1440 703 260 1441 700 262 1442 702 262 1443 702 265 1444 705 263 1445 703 267 1446 707 264 1447 704 263 1448 703 263 1449 703 266 1450 706 267 1451 707 268 1452 708 265 1453 705 264 1454 704 264 1455 704 267 1456 707 268 1457 708 266 1458 706 263 1459 703 265 1460 705 265 1461 705 268 1462 708 266 1463 706 270 1464 710 267 1465 707 266 1466 706 266 1467 706 269 1468 709 270 1469 710 271 1470 711 268 1471 708 267 1472 707 267 1473 707 270 1474 710 271 1475 711 269 1476 709 266 1477 706 268 1478 708 268 1479 708 271 1480 711 269 1481 709 249 1482 689 250 1483 690 248 1484 688 271 1485 711 270 1486 710 269 1487 709 276 1488 716 273 1489 713 272 1490 712 272 1491 712 275 1492 715 276 1493 716 277 1494 717 274 1495 714 273 1496 713 273 1497 713 276 1498 716 277 1499 717 275 1500 715 272 1501 712 274 1502 714 274 1503 714 277 1504 717 275 1505 715 279 1506 719 276 1507 716 275 1508 715 275 1509 715 278 1510 718 279 1511 719 280 1512 720 277 1513 717 276 1514 716 276 1515 716 279 1516 719 280 1517 720 278 1518 718 275 1519 715 277 1520 717 277 1521 717 280 1522 720 278 1523 718 282 1524 722 279 1525 719 278 1526 718 278 1527 718 281 1528 721 282 1529 722 283 1530 723 280 1531 720 279 1532 719 279 1533 719 282 1534 722 283 1535 723 281 1536 721 278 1537 718 280 1538 720 280 1539 720 283 1540 723 281 1541 721 285 1542 725 282 1543 722 281 1544 721 281 1545 721 284 1546 724 285 1547 725 286 1548 726 283 1549 723 282 1550 722 282 1551 722 285 1552 725 286 1553 726 284 1554 724 281 1555 721 283 1556 723 283 1557 723 286 1558 726 284 1559 724 288 1560 728 285 1561 725 284 1562 724 284 1563 724 287 1564 727 288 1565 728 289 1566 729 286 1567 726 285 1568 725 285 1569 725 288 1570 728 289 1571 729 287 1572 727 284 1573 724 286 1574 726 286 1575 726 289 1576 729 287 1577 727 291 1578 731 288 1579 728 287 1580 727 287 1581 727 290 1582 730 291 1583 731 292 1584 732 289 1585 729 288 1586 728 288 1587 728 291 1588 731 292 1589 732 290 1590 730 287 1591 727 289 1592 729 289 1593 729 292 1594 732 290 1595 730 294 1596 734 291 1597 731 290 1598 730 290 1599 730 293 1600 733 294 1601 734 295 1602 735 292 1603 732 291 1604 731 291 1605 731 294 1606 734 295 1607 735 293 1608 733 290 1609 730 292 1610 732 292 1611 732 295 1612 735 293 1613 733 273 1614 713 274 1615 714 272 1616 712 295 1617 735 294 1618 734 293 1619 733</p></triangles>
        <triangles count="120" material="Material #0"><input semantic="VERTEX" offset="0" source="#Boat004-VERTEX"/><input semantic="NORMAL" offset="1" source="#Boat004-Normal0"/><input semantic="TEXCOORD" offset="2" set="0" source="#Boat004-UV0"/><p> 156 924 540 157 925 541 159 926 543 159 927 543 158 928 542 156 929 540 160 930 541 162 931 543 163 932 542 163 933 542 161 934 540 160 935 541 156 936 536 160 937 538 161 938 539 161 939 539 157 940 537 156 941 536 157 942 532 161 943 534 163 944 535 163 945 535 159 946 533 157 947 532 159 948 536 163 949 538 162 950 539 162 951 539 158 952 537 159 953 536 158 954 532 162 955 534 160 956 535 160 957 535 156 958 533 158 959 532 164 960 545 165 961 546 167 962 547 167 963 547 166 964 544 164 965 545 168 966 549 170 967 550 171 968 551 171 969 551 169 970 548 168 971 549 164 972 553 168 973 554 169 974 555 169 975 555 165 976 552 164 977 553 165 978 557 169 979 558 171 980 559 171 981 559 167 982 556 165 983 557 167 984 561 171 985 562 170 986 563 170 987 563 166 988 560 167 989 561 166 990 565 170 991 566 168 992 567 168 993 567 164 994 564 166 995 565 172 996 576 173 997 577 175 998 579 175 999 579 174 1000 578 172 1001 576 176 1002 577 178 1003 579 179 1004 578 179 1005 578 177 1006 576 176 1007 577 172 1008 572 176 1009 574 177 1010 575 177 1011 575 173 1012 573 172 1013 572 173 1014 568 177 1015 570 179 1016 571 179 1017 571 175 1018 569 173 1019 568 175 1020 572 179 1021 574 178 1022 575 178 1023 575 174 1024 573 175 1025 572 174 1026 568 178 1027 570 176 1028 571 176 1029 571 172 1030 569 174 1031 568 180 1032 588 181 1033 589 183 1034 591 183 1035 591 182 1036 590 180 1037 588 184 1038 589 186 1039 591 187 1040 590 187 1041 590 185 1042 588 184 1043 589 180 1044 584 184 1045 586 185 1046 587 185 1047 587 181 1048 585 180 1049 584 181 1050 580 185 1051 582 187 1052 583 187 1053 583 183 1054 581 181 1055 580 183 1056 584 187 1057 586 186 1058 587 186 1059 587 182 1060 585 183 1061 584 182 1062 580 186 1063 582 184 1064 583 184 1065 583 180 1066 581 182 1067 580 188 1068 600 189 1069 601 191 1070 603 191 1071 603 190 1072 602 188 1073 600 192 1074 601 194 1075 603 195 1076 602 195 1077 602 193 1078 600 192 1079 601 188 1080 596 192 1081 598 193 1082 599 193 1083 599 189 1084 597 188 1085 596 189 1086 592 193 1087 594 195 1088 595 195 1089 595 191 1090 593 189 1091 592 191 1092 596 195 1093 598 194 1094 599 194 1095 599 190 1096 597 191 1097 596 190 1098 592 194 1099 594 192 1100 595 192 1101 595 188 1102 593 190 1103 592 196 1104 612 197 1105 613 199 1106 615 199 1107 615 198 1108 614 196 1109 612 200 1110 613 202 1111 615 203 1112 614 203 1113 614 201 1114 612 200 1115 613 196 1116 608 200 1117 610 201 1118 611 201 1119 611 197 1120 609 196 1121 608 197 1122 604 201 1123 606 203 1124 607 203 1125 607 199 1126 605 197 1127 604 199 1128 608 203 1129 610 202 1130 611 202 1131 611 198 1132 609 199 1133 608 198 1134 604 202 1135 606 200 1136 607 200 1137 607 196 1138 605 198 1139 604 204 1140 624 205 1141 625 207 1142 627 207 1143 627 206 1144 626 204 1145 624 208 1146 625 210 1147 627 211 1148 626 211 1149 626 209 1150 624 208 1151 625 204 1152 620 208 1153 622 209 1154 623 209 1155 623 205 1156 621 204 1157 620 205 1158 616 209 1159 618 211 1160 619 211 1161 619 207 1162 617 205 1163 616 207 1164 620 211 1165 622 210 1166 623 210 1167 623 206 1168 621 207 1169 620 206 1170 616 210 1171 618 208 1172 619 208 1173 619 204 1174 617 206 1175 616 212 1176 633 213 1177 635 215 1178 634 215 1179 634 214 1180 632 212 1181 633 216 1182 637 218 1183 639 219 1184 638 219 1185 638 217 1186 636 216 1187 637 212 1188 641 216 1189 643 217 1190 642 217 1191 642 213 1192 640 212 1193 641 213 1194 645 217 1195 629 219 1196 646 219 1197 646 215 1198 644 213 1199 645 215 1200 648 219 1201 631 218 1202 649 218 1203 649 214 1204 647 215 1205 648 214 1206 650 218 1207 630 216 1208 651 216 1209 651 212 1210 628 214 1211 650 220 1212 660 221 1213 661 223 1214 663 223 1215 663 222 1216 662 220 1217 660 224 1218 661 226 1219 663 227 1220 662 227 1221 662 225 1222 660 224 1223 661 220 1224 656 224 1225 658 225 1226 659 225 1227 659 221 1228 657 220 1229 656 221 1230 652 225 1231 654 227 1232 655 227 1233 655 223 1234 653 221 1235 652 223 1236 656 227 1237 658 226 1238 659 226 1239 659 222 1240 657 223 1241 656 222 1242 652 226 1243 654 224 1244 655 224 1245 655 220 1246 653 222 1247 652 228 1248 672 229 1249 673 231 1250 675 231 1251 675 230 1252 674 228 1253 672 232 1254 673 234 1255 675 235 1256 674 235 1257 674 233 1258 672 232 1259 673 228 1260 668 232 1261 670 233 1262 671 233 1263 671 229 1264 669 228 1265 668 229 1266 664 233 1267 666 235 1268 667 235 1269 667 231 1270 665 229 1271 664 231 1272 668 235 1273 670 234 1274 671 234 1275 671 230 1276 669 231 1277 668 230 1278 664 234 1279 666 232 1280 667 232 1281 667 228 1282 665 230 1283 664</p></triangles>
      </mesh>
    </geometry>
  </library_geometries>
  <library_visual_scenes>
    <visual_scene id="boat" name="boat">
      <node name="Boat1" id="Boat1" sid="Boat1"><matrix sid="matrix">2.161000 0.000000 0.000000 57.227882 0.000000 0.000000 2.161000 -1.779800 0.000000 -2.161000 0.000000 -121.238144 0.000000 0.000000 0.000000 1.000000</matrix><instance_geometry url="#Boat1-lib"><bind_material><technique_common><instance_material symbol="_01 - Default" target="#_01 - Default"/></technique_common></bind_material></instance_geometry><extra><technique profile="FCOLLADA"><visibility>1.000000</visibility></technique></extra></node>
      <node name="Boat2" id="Boat2" sid="Boat2"><matrix sid="matrix">2.161000 0.000000 0.000000 -7.391495 0.000000 0.000000 2.161000 13.470535 0.000000 -2.161000 0.000000 -318.516235 0.000000 0.000000 0.000000 1.000000</matrix><instance_geometry url="#Boat2-lib"><bind_material><technique_common><instance_material symbol="_01 - Default" target="#_01 - Default"/></technique_common></bind_material></instance_geometry><extra><technique profile="FCOLLADA"><visibility>1.000000</visibility></technique></extra></node>
      <node name="Boat003" id="Boat003" sid="Boat003"><matrix sid="matrix">2.161000 0.000000 0.000000 30.859550 0.000000 0.000000 2.161000 19.377487 0.000000 -2.161000 0.000000 -100.949417 0.000000 0.000000 0.000000 1.000000</matrix><instance_geometry url="#Boat003-lib"><bind_material><technique_common><instance_material symbol="_01 - Default" target="#_01 - Default"/></technique_common></bind_material></instance_geometry><extra><technique profile="FCOLLADA"><visibility>1.000000</visibility></technique></extra><node name="Sail2" id="Sail2" sid="Sail2"><matrix sid="matrix">0.398518 0.000000 0.000000 4.116597 0.000000 0.398518 -0.000000 0.000000 0.000000 0.000000 0.398518 41.989021 0.000000 0.000000 0.000000 1.000000</matrix><instance_geometry url="#Sail2-lib"><bind_material><technique_common><instance_material symbol="_01 - Default" target="#_01 - Default"/></technique_common></bind_material></instance_geometry><extra><technique profile="FCOLLADA"><visibility>1.000000</visibility></technique></extra></node><node name="Sail1" id="Sail1" sid="Sail1"><matrix sid="matrix">0.398518 0.000000 0.000000 2.311587 0.000000 0.398518 -0.000000 -40.396355 0.000000 0.000000 0.398518 42.023788 0.000000 0.000000 0.000000 1.000000</matrix><instance_geometry url="#Sail1-lib"><bind_material><technique_common><instance_material symbol="_01 - Default" target="#_01 - Default"/></technique_common></bind_material></instance_geometry><extra><technique profile="FCOLLADA"><visibility>1.000000</visibility></technique></extra></node></node>
      <node name="Boat004" id="Boat004" sid="Boat004"><matrix sid="matrix">2.161000 0.000000 0.000000 -12.332855 0.000000 0.000000 2.161000 13.470535 0.000000 -2.161000 0.000000 -318.516235 0.000000 0.000000 0.000000 1.000000</matrix><instance_geometry url="#Boat004-lib"><bind_material><technique_common><instance_material symbol="_01 - Default" target="#_01 - Default"/><instance_material symbol="Material #0" target="#Material #0"/></technique_common></bind_material></instance_geometry><extra><technique profile="FCOLLADA"><visibility>1.000000</visibility></technique></extra></node>
      <extra><technique profile="MAX3D"><frame_rate>30.000000</frame_rate></technique><technique profile="FCOLLADA"><start_time>0.000000</start_time><end_time>3.333333</end_time></technique></extra>
    </visual_scene>
  </library_visual_scenes>
  <scene>
    <instance_visual_scene url="#boat"></instance_visual_scene>
  </scene>
</COLLADA>
